id,u0,u1,u2
0,0,0,0
101,0,0,0
202,0,0,0
303,0,0,0
404,0,0,0
505,0,0,0
606,0,0,0
707,0,0,0
808,0,0,0
909,0,0,0
1010,0,0,0
1111,0,0,0
1212,0,0,0
1313,0,0,0
1414,0,0,0
1515,0,0,0
1616,0,0,0
1717,0,0,0
1818,0,0,0
1919,0,0,0
2020,0,0,0
2121,0,0,0
2222,0,0,0
2323,0,0,0
2424,0,0,0
2525,0,0,0
2626,0,0,0
2727,0,0,0
2828,0,0,0
2929,0,0,0
3030,0,0,0
3131,0,0,0
3232,0,0,0
3333,0,0,0
3434,0,0,0
3535,0,0,0
3636,0,0,0
3737,0,0,0
3838,0,0,0
3939,0,0,0
4040,0,0,0
4141,0,0,0
4242,0,0,0
4343,0,0,0
4444,0,0,0
4545,0,0,0
4646,0,0,0
4747,0,0,0
4848,0,0,0
4949,0,0,0
5050,0,0,0
5151,0,0,0
5252,0,0,0
5353,0,0,0
5454,0,0,0
5555,0,0,0
5656,0,0,0
5757,0,0,0
5858,0,0,0
5959,0,0,0
6060,0,0,0
6161,0,0,0
6262,0,0,0
6363,0,0,0
6464,0,0,0
6565,0,0,0
6666,0,0,0
6767,0,0,0
6868,0,0,0
6969,0,0,0
7070,0,0,0
7171,0,0,0
7272,0,0,0
7373,0,0,0
7474,0,0,0
7575,0,0,0
7676,0,0,0
7777,0,0,0
7878,0,0,0
7979,0,0,0
8080,0,0,0
8181,0,0,0
8282,0,0,0
8383,0,0,0
8484,0,0,0
8585,0,0,0
8686,0,0,0
8787,0,0,0
8888,0,0,0
8989,0,0,0
9090,0,0,0
9191,0,0,0
9292,0,0,0
9393,0,0,0
9494,0,0,0
9595,0,0,0
9696,0,0,0
9797,0,0,0
9898,0,0,0
9999,0,0,0
10100,0,0,0
10201,0,0,0
10302,0,0,0
10403,0,0,0
10504,0,0,0
10605,0,0,0
10706,0,0,0
10807,0,0,0
10908,0,0,0
11009,0,0,0
11110,0,0,0
11211,0,0,0
11312,0,0,0
11413,0,0,0
11514,0,0,0
11615,0,0,0
11716,0,0,0
11817,0,0,0
11918,0,0,0
12019,0,0,0
12120,0,0,0
12221,0,0,0
12322,0,0,0
12423,0,0,0
12524,0,0,0
12625,0,0,0
12726,0,0,0
12827,0,0,0
12928,0,0,0
13029,0,0,0
13130,0,0,0
13231,0,0,0
13332,0,0,0
13433,0,0,0
13534,0,0,0
13635,0,0,0
13736,0,0,0
13837,0,0,0
13938,0,0,0
14039,0,0,0
14140,0,0,0
14241,0,0,0
14342,0,0,0
14443,0,0,0
14544,0,0,0
14645,0,0,0
14746,0,0,0
14847,0,0,0
14948,0,0,0
15049,0,0,0
15150,0,0,0
15251,0,0,0
15352,0,0,0
15453,0,0,0
15554,0,0,0
15655,0,0,0
15756,0,0,0
15857,0,0,0
15958,0,0,0
16059,0,0,0
16160,0,0,0
16261,0,0,0
16362,0,0,0
16463,0,0,0
16564,0,0,0
16665,0,0,0
16766,0,0,0
16867,0,0,0
16968,0,0,0
17069,0,0,0
17170,0,0,0
17271,0,0,0
17372,0,0,0
17473,0,0,0
17574,0,0,0
17675,0,0,0
17776,0,0,0
17877,0,0,0
17978,0,0,0
18079,0,0,0
18180,0,0,0
18281,0,0,0
18382,0,0,0
18483,0,0,0
18584,0,0,0
18685,0,0,0
18786,0,0,0
18887,0,0,0
18988,0,0,0
19089,0,0,0
19190,0,0,0
19291,0,0,0
19392,0,0,0
19493,0,0,0
19594,0,0,0
19695,0,0,0
19796,0,0,0
19897,0,0,0
19998,0,0,0
20099,0,0,0
20200,0,0,0
20301,0,0,0
20402,0,0,0
20503,0,0,0
20604,0,0,0
20705,0,0,0
20806,0,0,0
20907,0,0,0
21008,0,0,0
21109,0,0,0
21210,0,0,0
21311,0,0,0
21412,0,0,0
21513,0,0,0
21614,0,0,0
21715,0,0,0
21816,0,0,0
21917,0,0,0
22018,0,0,0
22119,0,0,0
22220,0,0,0
22321,0,0,0
22422,0,0,0
22523,0,0,0
22624,0,0,0
22725,0,0,0
22826,0,0,0
22927,0,0,0
23028,0,0,0
23129,0,0,0
23230,0,0,0
23331,0,0,0
23432,0,0,0
23533,0,0,0
23634,0,0,0
23735,0,0,0
23836,0,0,0
23937,0,0,0
24038,0,0,0
24139,0,0,0
24240,0,0,0
24341,0,0,0
24442,0,0,0
24543,0,0,0
24644,0,0,0
24745,0,0,0
24846,0,0,0
24947,0,0,0
25048,0,0,0
25149,0,0,0
25250,0,0,0
25351,0,0,0
25452,0,0,0
25553,0,0,0
25654,0,0,0
25755,0,0,0
25856,0,0,0
25957,0,0,0
26058,0,0,0
26159,0,0,0
26260,0,0,0
26361,0,0,0
26462,0,0,0
26563,0,0,0
26664,0,0,0
26765,0,0,0
26866,0,0,0
26967,0,0,0
27068,0,0,0
27169,0,0,0
27270,0,0,0
27371,0,0,0
27472,0,0,0
27573,0,0,0
27674,0,0,0
27775,0,0,0
27876,0,0,0
27977,0,0,0
28078,0,0,0
28179,0,0,0
28280,0,0,0
28381,0,0,0
28482,0,0,0
28583,0,0,0
28684,0,0,0
28785,0,0,0
28886,0,0,0
28987,0,0,0
29088,0,0,0
29189,0,0,0
29290,0,0,0
29391,0,0,0
29492,0,0,0
29593,0,0,0
29694,0,0,0
29795,0,0,0
29896,0,0,0
29997,0,0,0
30098,0,0,0
30199,0,0,0
30300,0,0,0
30401,0,0,0
30502,0,0,0
30603,0,0,0
30704,0,0,0
30805,0,0,0
30906,0,0,0
31007,0,0,0
31108,0,0,0
31209,0,0,0
31310,0,0,0
31411,0,0,0
31512,0,0,0
31613,0,0,0
31714,0,0,0
31815,0,0,0
31916,0,0,0
32017,0,0,0
32118,0,0,0
32219,0,0,0
32320,0,0,0
32421,0,0,0
32522,0,0,0
32623,0,0,0
32724,0,0,0
32825,0,0,0
32926,0,0,0
33027,0,0,0
33128,0,0,0
33229,0,0,0
33330,0,0,0
33431,0,0,0
33532,0,0,0
33633,0,0,0
33734,0,0,0
33835,0,0,0
33936,0,0,0
34037,0,0,0
34138,0,0,0
34239,0,0,0
34340,0,0,0
34441,0,0,0
34542,0,0,0
34643,0,0,0
34744,0,0,0
34845,0,0,0
34946,0,0,0
35047,0,0,0
35148,0,0,0
35249,0,0,0
35350,0,0,0
35451,0,0,0
35552,0,0,0
35653,0,0,0
35754,0,0,0
35855,0,0,0
35956,0,0,0
36057,0,0,0
36158,0,0,0
36259,0,0,0
36360,0,0,0
36461,0,0,0
36562,0,0,0
36663,0,0,0
36764,0,0,0
36865,0,0,0
36966,0,0,0
37067,0,0,0
37168,0,0,0
37269,0,0,0
37370,0,0,0
37471,0,0,0
37572,0,0,0
37673,0,0,0
37774,0,0,0
37875,0,0,0
37976,0,0,0
38077,0,0,0
38178,0,0,0
38279,0,0,0
38380,0,0,0
38481,0,0,0
38582,0,0,0
38683,0,0,0
38784,0,0,0
38885,0,0,0
38986,0,0,0
39087,0,0,0
39188,0,0,0
39289,0,0,0
39390,0,0,0
39491,0,0,0
39592,0,0,0
39693,0,0,0
39794,0,0,0
39895,0,0,0
39996,0,0,0
40097,0,0,0
40198,0,0,0
40299,0,0,0
40400,0,0,0
40501,0,0,0
40602,0,0,0
40703,0,0,0
40804,0,0,0
40905,0,0,0
41006,0,0,0
41107,0,0,0
41208,0,0,0
41309,0,0,0
41410,0,0,0
41511,0,0,0
41612,0,0,0
41713,0,0,0
41814,0,0,0
41915,0,0,0
42016,0,0,0
42117,0,0,0
42218,0,0,0
42319,0,0,0
42420,0,0,0
42521,0,0,0
42622,0,0,0
42723,0,0,0
42824,0,0,0
42925,0,0,0
43026,0,0,0
43127,0,0,0
43228,0,0,0
43329,0,0,0
43430,0,0,0
43531,0,0,0
43632,0,0,0
43733,0,0,0
43834,0,0,0
43935,0,0,0
44036,0,0,0
44137,0,0,0
44238,0,0,0
44339,0,0,0
44440,0,0,0
44541,0,0,0
44642,0,0,0
44743,0,0,0
44844,0,0,0
44945,0,0,0
45046,0,0,0
45147,0,0,0
45248,0,0,0
45349,0,0,0
45450,0,0,0
45551,0,0,0
45652,0,0,0
45753,0,0,0
45854,0,0,0
45955,0,0,0
46056,0,0,0
46157,0,0,0
46258,0,0,0
46359,0,0,0
46460,0,0,0
46561,0,0,0
46662,0,0,0
46763,0,0,0
46864,0,0,0
46965,0,0,0
47066,0,0,0
47167,0,0,0
47268,0,0,0
47369,0,0,0
47470,0,0,0
47571,0,0,0
47672,0,0,0
47773,0,0,0
47874,0,0,0
47975,0,0,0
48076,0,0,0
48177,0,0,0
48278,0,0,0
48379,0,0,0
48480,0,0,0
48581,0,0,0
48682,0,0,0
48783,0,0,0
48884,0,0,0
48985,0,0,0
49086,0,0,0
49187,0,0,0
49288,0,0,0
49389,0,0,0
49490,0,0,0
49591,0,0,0
49692,0,0,0
49793,0,0,0
49894,0,0,0
49995,0,0,0
50096,0,0,0
50197,0,0,0
50298,0,0,0
50399,0,0,0
50500,0,0,0
50601,0,0,0
50702,0,0,0
50803,0,0,0
50904,0,0,0
51005,0,0,0
51106,0,0,0
51207,0,0,0
51308,0,0,0
51409,0,0,0
51510,0,0,0
51611,0,0,0
51712,0,0,0
51813,0,0,0
51914,0,0,0
52015,0,0,0
52116,0,0,0
52217,0,0,0
52318,0,0,0
52419,0,0,0
52520,0,0,0
52621,0,0,0
52722,0,0,0
52823,0,0,0
52924,0,0,0
53025,0,0,0
53126,0,0,0
53227,0,0,0
53328,0,0,0
53429,0,0,0
53530,0,0,0
53631,0,0,0
53732,0,0,0
53833,0,0,0
53934,0,0,0
54035,0,0,0
54136,0,0,0
54237,0,0,0
54338,0,0,0
54439,0,0,0
54540,0,0,0
54641,0,0,0
54742,0,0,0
54843,0,0,0
54944,0,0,0
55045,0,0,0
55146,0,0,0
55247,0,0,0
55348,0,0,0
55449,0,0,0
55550,0,0,0
55651,0,0,0
55752,0,0,0
55853,0,0,0
55954,0,0,0
56055,0,0,0
56156,0,0,0
56257,0,0,0
56358,0,0,0
56459,0,0,0
56560,0,0,0
56661,0,0,0
56762,0,0,0
56863,0,0,0
56964,0,0,0
57065,0,0,0
57166,0,0,0
57267,0,0,0
57368,0,0,0
57469,0,0,0
57570,0,0,0
57671,0,0,0
57772,0,0,0
57873,0,0,0
57974,0,0,0
58075,0,0,0
58176,0,0,0
58277,0,0,0
58378,0,0,0
58479,0,0,0
58580,0,0,0
58681,0,0,0
58782,0,0,0
58883,0,0,0
58984,0,0,0
59085,0,0,0
59186,0,0,0
59287,0,0,0
59388,0,0,0
59489,0,0,0
59590,0,0,0
59691,0,0,0
59792,0,0,0
59893,0,0,0
59994,0,0,0
60095,0,0,0
60196,0,0,0
60297,0,0,0
60398,0,0,0
60499,0,0,0
60600,0,0,0
60701,0,0,0
60802,0,0,0
60903,0,0,0
61004,0,0,0
61105,0,0,0
61206,0,0,0
61307,0,0,0
61408,0,0,0
61509,0,0,0
61610,0,0,0
61711,0,0,0
61812,0,0,0
61913,0,0,0
62014,0,0,0
62115,0,0,0
62216,0,0,0
62317,0,0,0
62418,0,0,0
62519,0,0,0
62620,0,0,0
62721,0,0,0
62822,0,0,0
62923,0,0,0
63024,0,0,0
63125,0,0,0
63226,0,0,0
63327,0,0,0
63428,0,0,0
63529,0,0,0
63630,0,0,0
63731,0,0,0
63832,0,0,0
63933,0,0,0
64034,0,0,0
64135,0,0,0
64236,0,0,0
64337,0,0,0
64438,0,0,0
64539,0,0,0
64640,0,0,0
64741,0,0,0
64842,0,0,0
64943,0,0,0
65044,0,0,0
65145,0,0,0
65246,0,0,0
65347,0,0,0
65448,0,0,0
65549,0,0,0
65650,0,0,0
65751,0,0,0
65852,0,0,0
65953,0,0,0
66054,0,0,0
66155,0,0,0
66256,0,0,0
66357,0,0,0
66458,0,0,0
66559,0,0,0
66660,0,0,0
66761,0,0,0
66862,0,0,0
66963,0,0,0
67064,0,0,0
67165,0,0,0
67266,0,0,0
67367,0,0,0
67468,0,0,0
67569,0,0,0
67670,0,0,0
67771,0,0,0
67872,0,0,0
67973,0,0,0
68074,0,0,0
68175,0,0,0
68276,0,0,0
68377,0,0,0
68478,0,0,0
68579,0,0,0
68680,0,0,0
68781,0,0,0
68882,0,0,0
68983,0,0,0
69084,0,0,0
69185,0,0,0
69286,0,0,0
69387,0,0,0
69488,0,0,0
69589,0,0,0
69690,0,0,0
69791,0,0,0
69892,0,0,0
69993,0,0,0
70094,0,0,0
70195,0,0,0
70296,0,0,0
70397,0,0,0
70498,0,0,0
70599,0,0,0
70700,0,0,0
70801,0,0,0
70902,0,0,0
71003,0,0,0
71104,0,0,0
71205,0,0,0
71306,0,0,0
71407,0,0,0
71508,0,0,0
71609,0,0,0
71710,0,0,0
71811,0,0,0
71912,0,0,0
72013,0,0,0
72114,0,0,0
72215,0,0,0
72316,0,0,0
72417,0,0,0
72518,0,0,0
72619,0,0,0
72720,0,0,0
72821,0,0,0
72922,0,0,0
73023,0,0,0
73124,0,0,0
73225,0,0,0
73326,0,0,0
73427,0,0,0
73528,0,0,0
73629,0,0,0
73730,0,0,0
73831,0,0,0
73932,0,0,0
74033,0,0,0
74134,0,0,0
74235,0,0,0
74336,0,0,0
74437,0,0,0
74538,0,0,0
74639,0,0,0
74740,0,0,0
74841,0,0,0
74942,0,0,0
75043,0,0,0
75144,0,0,0
75245,0,0,0
75346,0,0,0
75447,0,0,0
75548,0,0,0
75649,0,0,0
75750,0,0,0
75851,0,0,0
75952,0,0,0
76053,0,0,0
76154,0,0,0
76255,0,0,0
76356,0,0,0
76457,0,0,0
76558,0,0,0
76659,0,0,0
76760,0,0,0
76861,0,0,0
76962,0,0,0
77063,0,0,0
77164,0,0,0
77265,0,0,0
77366,0,0,0
77467,0,0,0
77568,0,0,0
77669,0,0,0
77770,0,0,0
77871,0,0,0
77972,0,0,0
78073,0,0,0
78174,0,0,0
78275,0,0,0
78376,0,0,0
78477,0,0,0
78578,0,0,0
78679,0,0,0
78780,0,0,0
78881,0,0,0
78982,0,0,0
79083,0,0,0
79184,0,0,0
79285,0,0,0
79386,0,0,0
79487,0,0,0
79588,0,0,0
79689,0,0,0
79790,0,0,0
79891,0,0,0
79992,0,0,0
80093,0,0,0
80194,0,0,0
80295,0,0,0
80396,0,0,0
80497,0,0,0
80598,0,0,0
80699,0,0,0
80800,0,0,0
80901,0,0,0
81002,0,0,0
81103,0,0,0
81204,0,0,0
81305,0,0,0
81406,0,0,0
81507,0,0,0
81608,0,0,0
81709,0,0,0
81810,0,0,0
81911,0,0,0
82012,0,0,0
82113,0,0,0
82214,0,0,0
82315,0,0,0
82416,0,0,0
82517,0,0,0
82618,0,0,0
82719,0,0,0
82820,0,0,0
82921,0,0,0
83022,0,0,0
83123,0,0,0
83224,0,0,0
83325,0,0,0
83426,0,0,0
83527,0,0,0
83628,0,0,0
83729,0,0,0
83830,0,0,0
83931,0,0,0
84032,0,0,0
84133,0,0,0
84234,0,0,0
84335,0,0,0
84436,0,0,0
84537,0,0,0
84638,0,0,0
84739,0,0,0
84840,0,0,0
84941,0,0,0
85042,0,0,0
85143,0,0,0
85244,0,0,0
85345,0,0,0
85446,0,0,0
85547,0,0,0
85648,0,0,0
85749,0,0,0
85850,0,0,0
85951,0,0,0
86052,0,0,0
86153,0,0,0
86254,0,0,0
86355,0,0,0
86456,0,0,0
86557,0,0,0
86658,0,0,0
86759,0,0,0
86860,0,0,0
86961,0,0,0
87062,0,0,0
87163,0,0,0
87264,0,0,0
87365,0,0,0
87466,0,0,0
87567,0,0,0
87668,0,0,0
87769,0,0,0
87870,0,0,0
87971,0,0,0
88072,0,0,0
88173,0,0,0
88274,0,0,0
88375,0,0,0
88476,0,0,0
88577,0,0,0
88678,0,0,0
88779,0,0,0
88880,0,0,0
88981,0,0,0
89082,0,0,0
89183,0,0,0
89284,0,0,0
89385,0,0,0
89486,0,0,0
89587,0,0,0
89688,0,0,0
89789,0,0,0
89890,0,0,0
89991,0,0,0
90092,0,0,0
90193,0,0,0
90294,0,0,0
90395,0,0,0
90496,0,0,0
90597,0,0,0
90698,0,0,0
90799,0,0,0
90900,0,0,0
91001,0,0,0
91102,0,0,0
91203,0,0,0
91304,0,0,0
91405,0,0,0
91506,0,0,0
91607,0,0,0
91708,0,0,0
91809,0,0,0
91910,0,0,0
92011,0,0,0
92112,0,0,0
92213,0,0,0
92314,0,0,0
92415,0,0,0
92516,0,0,0
92617,0,0,0
92718,0,0,0
92819,0,0,0
92920,0,0,0
93021,0,0,0
93122,0,0,0
93223,0,0,0
93324,0,0,0
93425,0,0,0
93526,0,0,0
93627,0,0,0
93728,0,0,0
93829,0,0,0
93930,0,0,0
94031,0,0,0
94132,0,0,0
94233,0,0,0
94334,0,0,0
94435,0,0,0
94536,0,0,0
94637,0,0,0
94738,0,0,0
94839,0,0,0
94940,0,0,0
95041,0,0,0
95142,0,0,0
95243,0,0,0
95344,0,0,0
95445,0,0,0
95546,0,0,0
95647,0,0,0
95748,0,0,0
95849,0,0,0
95950,0,0,0
96051,0,0,0
96152,0,0,0
96253,0,0,0
96354,0,0,0
96455,0,0,0
96556,0,0,0
96657,0,0,0
96758,0,0,0
96859,0,0,0
96960,0,0,0
97061,0,0,0
97162,0,0,0
97263,0,0,0
97364,0,0,0
97465,0,0,0
97566,0,0,0
97667,0,0,0
97768,0,0,0
97869,0,0,0
97970,0,0,0
98071,0,0,0
98172,0,0,0
98273,0,0,0
98374,0,0,0
98475,0,0,0
98576,0,0,0
98677,0,0,0
98778,0,0,0
98879,0,0,0
98980,0,0,0
99081,0,0,0
99182,0,0,0
99283,0,0,0
99384,0,0,0
99485,0,0,0
99586,0,0,0
99687,0,0,0
99788,0,0,0
99889,0,0,0
99990,0,0,0
100091,0,0,0
100192,0,0,0
100293,0,0,0
100394,0,0,0
100495,0,0,0
100596,0,0,0
100697,0,0,0
100798,0,0,0
100899,0,0,0
101000,0,0,0
101101,0,0,0
101202,0,0,0
101303,0,0,0
101404,0,0,0
101505,0,0,0
101606,0,0,0
101707,0,0,0
101808,0,0,0
101909,0,0,0
102010,0,0,0
102111,0,0,0
102212,0,0,0
102313,0,0,0
102414,0,0,0
102515,0,0,0
102616,0,0,0
102717,0,0,0
102818,0,0,0
102919,0,0,0
103020,0,0,0
103121,0,0,0
103222,0,0,0
103323,0,0,0
103424,0,0,0
103525,0,0,0
103626,0,0,0
103727,0,0,0
103828,0,0,0
103929,0,0,0
104030,0,0,0
104131,0,0,0
104232,0,0,0
104333,0,0,0
104434,0,0,0
104535,0,0,0
104636,0,0,0
104737,0,0,0
104838,0,0,0
104939,0,0,0
105040,0,0,0
105141,0,0,0
105242,0,0,0
105343,0,0,0
105444,0,0,0
105545,0,0,0
105646,0,0,0
105747,0,0,0
105848,0,0,0
105949,0,0,0
106050,0,0,0
106151,0,0,0
106252,0,0,0
106353,0,0,0
106454,0,0,0
106555,0,0,0
106656,0,0,0
106757,0,0,0
106858,0,0,0
106959,0,0,0
107060,0,0,0
107161,0,0,0
107262,0,0,0
107363,0,0,0
107464,0,0,0
107565,0,0,0
107666,0,0,0
107767,0,0,0
107868,0,0,0
107969,0,0,0
108070,0,0,0
108174,0,0,0
108178,0,0,0
108179,0,0,0
108182,0,0,0
108186,0,0,0
108187,0,0,0
108190,0,0,0
108194,0,0,0
108195,0,0,0
108198,0,0,0
108202,0,0,0
108203,0,0,0
108206,0,0,0
108210,0,0,0
108211,0,0,0
108214,0,0,0
108218,0,0,0
108219,0,0,0
108222,0,0,0
108226,0,0,0
108227,0,0,0
108230,0,0,0
108234,0,0,0
108235,0,0,0
108238,0,0,0
108242,0,0,0
108243,0,0,0
108246,0,0,0
108250,0,0,0
108251,0,0,0
108254,0,0,0
108258,0,0,0
108259,0,0,0
108262,0,0,0
108266,0,0,0
108267,0,0,0
108270,0,0,0
108274,0,0,0
108275,0,0,0
108278,0,0,0
108282,0,0,0
108283,0,0,0
108286,0,0,0
108290,0,0,0
108291,0,0,0
108294,0,0,0
108298,0,0,0
108299,0,0,0
108302,0,0,0
108306,0,0,0
108307,0,0,0
108310,0,0,0
108314,0,0,0
108315,0,0,0
108318,0,0,0
108322,0,0,0
108323,0,0,0
108326,0,0,0
108330,0,0,0
108331,0,0,0
108334,0,0,0
108337,0,0,0
108340,0,0,0
108342,0,0,0
108345,0,0,0
108347,0,0,0
108350,0,0,0
108352,0,0,0
108355,0,0,0
108357,0,0,0
108360,0,0,0
108362,0,0,0
108365,0,0,0
108367,0,0,0
108370,0,0,0
108372,0,0,0
108375,0,0,0
108377,0,0,0
108380,0,0,0
108382,0,0,0
108385,0,0,0
108387,0,0,0
108390,0,0,0
108392,0,0,0
108395,0,0,0
108397,0,0,0
108400,0,0,0
108402,0,0,0
108405,0,0,0
108407,0,0,0
108410,0,0,0
108412,0,0,0
108415,0,0,0
108417,0,0,0
108420,0,0,0
108422,0,0,0
108425,0,0,0
108427,0,0,0
108430,0,0,0
108432,0,0,0
108435,0,0,0
108437,0,0,0
108440,0,0,0
108443,0,0,0
108445,0,0,0
108448,0,0,0
108450,0,0,0
108453,0,0,0
108455,0,0,0
108458,0,0,0
108460,0,0,0
108463,0,0,0
108465,0,0,0
108468,0,0,0
108470,0,0,0
108473,0,0,0
108475,0,0,0
108478,0,0,0
108480,0,0,0
108483,0,0,0
108485,0,0,0
108488,0,0,0
108490,0,0,0
108493,0,0,0
108495,0,0,0
108498,0,0,0
108500,0,0,0
108503,0,0,0
108505,0,0,0
108508,0,0,0
108510,0,0,0
108513,0,0,0
108515,0,0,0
108518,0,0,0
108520,0,0,0
108523,0,0,0
108525,0,0,0
108528,0,0,0
108530,0,0,0
108533,0,0,0
108535,0,0,0
108538,0,0,0
108540,0,0,0
108543,0,0,0
108546,0,0,0
108548,0,0,0
108551,0,0,0
108553,0,0,0
108556,0,0,0
108558,0,0,0
108561,0,0,0
108563,0,0,0
108566,0,0,0
108568,0,0,0
108571,0,0,0
108573,0,0,0
108576,0,0,0
108578,0,0,0
108581,0,0,0
108583,0,0,0
108586,0,0,0
108588,0,0,0
108591,0,0,0
108593,0,0,0
108596,0,0,0
108598,0,0,0
108601,0,0,0
108603,0,0,0
108606,0,0,0
108608,0,0,0
108611,0,0,0
108613,0,0,0
108616,0,0,0
108618,0,0,0
108621,0,0,0
108623,0,0,0
108626,0,0,0
108628,0,0,0
108631,0,0,0
108633,0,0,0
108636,0,0,0
108638,0,0,0
108641,0,0,0
108643,0,0,0
108646,0,0,0
108649,0,0,0
108651,0,0,0
108654,0,0,0
108656,0,0,0
108659,0,0,0
108661,0,0,0
108664,0,0,0
108666,0,0,0
108669,0,0,0
108671,0,0,0
108674,0,0,0
108676,0,0,0
108679,0,0,0
108681,0,0,0
108684,0,0,0
108686,0,0,0
108689,0,0,0
108691,0,0,0
108694,0,0,0
108696,0,0,0
108699,0,0,0
108701,0,0,0
108704,0,0,0
108706,0,0,0
108709,0,0,0
108711,0,0,0
108714,0,0,0
108716,0,0,0
108719,0,0,0
108721,0,0,0
108724,0,0,0
108726,0,0,0
108729,0,0,0
108731,0,0,0
108734,0,0,0
108736,0,0,0
108739,0,0,0
108741,0,0,0
108744,0,0,0
108746,0,0,0
108749,0,0,0
108752,0,0,0
108754,0,0,0
108757,0,0,0
108759,0,0,0
108762,0,0,0
108764,0,0,0
108767,0,0,0
108769,0,0,0
108772,0,0,0
108774,0,0,0
108777,0,0,0
108779,0,0,0
108782,0,0,0
108784,0,0,0
108787,0,0,0
108789,0,0,0
108792,0,0,0
108794,0,0,0
108797,0,0,0
108799,0,0,0
108802,0,0,0
108804,0,0,0
108807,0,0,0
108809,0,0,0
108812,0,0,0
108814,0,0,0
108817,0,0,0
108819,0,0,0
108822,0,0,0
108824,0,0,0
108827,0,0,0
108829,0,0,0
108832,0,0,0
108834,0,0,0
108837,0,0,0
108839,0,0,0
108842,0,0,0
108844,0,0,0
108847,0,0,0
108849,0,0,0
108852,0,0,0
108855,0,0,0
108857,0,0,0
108860,0,0,0
108862,0,0,0
108865,0,0,0
108867,0,0,0
108870,0,0,0
108872,0,0,0
108875,0,0,0
108877,0,0,0
108880,0,0,0
108882,0,0,0
108885,0,0,0
108887,0,0,0
108890,0,0,0
108892,0,0,0
108895,0,0,0
108897,0,0,0
108900,0,0,0
108902,0,0,0
108905,0,0,0
108907,0,0,0
108910,0,0,0
108912,0,0,0
108915,0,0,0
108917,0,0,0
108920,0,0,0
108922,0,0,0
108925,0,0,0
108927,0,0,0
108930,0,0,0
108932,0,0,0
108935,0,0,0
108937,0,0,0
108940,0,0,0
108942,0,0,0
108945,0,0,0
108947,0,0,0
108950,0,0,0
108952,0,0,0
108955,0,0,0
108958,0,0,0
108960,0,0,0
108963,0,0,0
108965,0,0,0
108968,0,0,0
108970,0,0,0
108973,0,0,0
108975,0,0,0
108978,0,0,0
108980,0,0,0
108983,0,0,0
108985,0,0,0
108988,0,0,0
108990,0,0,0
108993,0,0,0
108995,0,0,0
108998,0,0,0
109000,0,0,0
109003,0,0,0
109005,0,0,0
109008,0,0,0
109010,0,0,0
109013,0,0,0
109015,0,0,0
109018,0,0,0
109020,0,0,0
109023,0,0,0
109025,0,0,0
109028,0,0,0
109030,0,0,0
109033,0,0,0
109035,0,0,0
109038,0,0,0
109040,0,0,0
109043,0,0,0
109045,0,0,0
109048,0,0,0
109050,0,0,0
109053,0,0,0
109055,0,0,0
109058,0,0,0
109061,0,0,0
109063,0,0,0
109066,0,0,0
109068,0,0,0
109071,0,0,0
109073,0,0,0
109076,0,0,0
109078,0,0,0
109081,0,0,0
109083,0,0,0
109086,0,0,0
109088,0,0,0
109091,0,0,0
109093,0,0,0
109096,0,0,0
109098,0,0,0
109101,0,0,0
109103,0,0,0
109106,0,0,0
109108,0,0,0
109111,0,0,0
109113,0,0,0
109116,0,0,0
109118,0,0,0
109121,0,0,0
109123,0,0,0
109126,0,0,0
109128,0,0,0
109131,0,0,0
109133,0,0,0
109136,0,0,0
109138,0,0,0
109141,0,0,0
109143,0,0,0
109146,0,0,0
109148,0,0,0
109151,0,0,0
109153,0,0,0
109156,0,0,0
109158,0,0,0
109161,0,0,0
109164,0,0,0
109166,0,0,0
109169,0,0,0
109171,0,0,0
109174,0,0,0
109176,0,0,0
109179,0,0,0
109181,0,0,0
109184,0,0,0
109186,0,0,0
109189,0,0,0
109191,0,0,0
109194,0,0,0
109196,0,0,0
109199,0,0,0
109201,0,0,0
109204,0,0,0
109206,0,0,0
109209,0,0,0
109211,0,0,0
109214,0,0,0
109216,0,0,0
109219,0,0,0
109221,0,0,0
109224,0,0,0
109226,0,0,0
109229,0,0,0
109231,0,0,0
109234,0,0,0
109236,0,0,0
109239,0,0,0
109241,0,0,0
109244,0,0,0
109246,0,0,0
109249,0,0,0
109251,0,0,0
109254,0,0,0
109256,0,0,0
109259,0,0,0
109261,0,0,0
109264,0,0,0
109267,0,0,0
109269,0,0,0
109272,0,0,0
109274,0,0,0
109277,0,0,0
109279,0,0,0
109282,0,0,0
109284,0,0,0
109287,0,0,0
109289,0,0,0
109292,0,0,0
109294,0,0,0
109297,0,0,0
109299,0,0,0
109302,0,0,0
109304,0,0,0
109307,0,0,0
109309,0,0,0
109312,0,0,0
109314,0,0,0
109317,0,0,0
109319,0,0,0
109322,0,0,0
109324,0,0,0
109327,0,0,0
109329,0,0,0
109332,0,0,0
109334,0,0,0
109337,0,0,0
109339,0,0,0
109342,0,0,0
109344,0,0,0
109347,0,0,0
109349,0,0,0
109352,0,0,0
109354,0,0,0
109357,0,0,0
109359,0,0,0
109362,0,0,0
109364,0,0,0
109367,0,0,0
109370,0,0,0
109372,0,0,0
109375,0,0,0
109377,0,0,0
109380,0,0,0
109382,0,0,0
109385,0,0,0
109387,0,0,0
109390,0,0,0
109392,0,0,0
109395,0,0,0
109397,0,0,0
109400,0,0,0
109402,0,0,0
109405,0,0,0
109407,0,0,0
109410,0,0,0
109412,0,0,0
109415,0,0,0
109417,0,0,0
109420,0,0,0
109422,0,0,0
109425,0,0,0
109427,0,0,0
109430,0,0,0
109432,0,0,0
109435,0,0,0
109437,0,0,0
109440,0,0,0
109442,0,0,0
109445,0,0,0
109447,0,0,0
109450,0,0,0
109452,0,0,0
109455,0,0,0
109457,0,0,0
109460,0,0,0
109462,0,0,0
109465,0,0,0
109467,0,0,0
109470,0,0,0
109473,0,0,0
109475,0,0,0
109478,0,0,0
109480,0,0,0
109483,0,0,0
109485,0,0,0
109488,0,0,0
109490,0,0,0
109493,0,0,0
109495,0,0,0
109498,0,0,0
109500,0,0,0
109503,0,0,0
109505,0,0,0
109508,0,0,0
109510,0,0,0
109513,0,0,0
109515,0,0,0
109518,0,0,0
109520,0,0,0
109523,0,0,0
109525,0,0,0
109528,0,0,0
109530,0,0,0
109533,0,0,0
109535,0,0,0
109538,0,0,0
109540,0,0,0
109543,0,0,0
109545,0,0,0
109548,0,0,0
109550,0,0,0
109553,0,0,0
109555,0,0,0
109558,0,0,0
109560,0,0,0
109563,0,0,0
109565,0,0,0
109568,0,0,0
109570,0,0,0
109573,0,0,0
109576,0,0,0
109578,0,0,0
109581,0,0,0
109583,0,0,0
109586,0,0,0
109588,0,0,0
109591,0,0,0
109593,0,0,0
109596,0,0,0
109598,0,0,0
109601,0,0,0
109603,0,0,0
109606,0,0,0
109608,0,0,0
109611,0,0,0
109613,0,0,0
109616,0,0,0
109618,0,0,0
109621,0,0,0
109623,0,0,0
109626,0,0,0
109628,0,0,0
109631,0,0,0
109633,0,0,0
109636,0,0,0
109638,0,0,0
109641,0,0,0
109643,0,0,0
109646,0,0,0
109648,0,0,0
109651,0,0,0
109653,0,0,0
109656,0,0,0
109658,0,0,0
109661,0,0,0
109663,0,0,0
109666,0,0,0
109668,0,0,0
109671,0,0,0
109673,0,0,0
109676,0,0,0
109679,0,0,0
109681,0,0,0
109684,0,0,0
109686,0,0,0
109689,0,0,0
109691,0,0,0
109694,0,0,0
109696,0,0,0
109699,0,0,0
109701,0,0,0
109704,0,0,0
109706,0,0,0
109709,0,0,0
109711,0,0,0
109714,0,0,0
109716,0,0,0
109719,0,0,0
109721,0,0,0
109724,0,0,0
109726,0,0,0
109729,0,0,0
109731,0,0,0
109734,0,0,0
109736,0,0,0
109739,0,0,0
109741,0,0,0
109744,0,0,0
109746,0,0,0
109749,0,0,0
109751,0,0,0
109754,0,0,0
109756,0,0,0
109759,0,0,0
109761,0,0,0
109764,0,0,0
109766,0,0,0
109769,0,0,0
109771,0,0,0
109774,0,0,0
109776,0,0,0
109779,0,0,0
109782,0,0,0
109784,0,0,0
109787,0,0,0
109789,0,0,0
109792,0,0,0
109794,0,0,0
109797,0,0,0
109799,0,0,0
109802,0,0,0
109804,0,0,0
109807,0,0,0
109809,0,0,0
109812,0,0,0
109814,0,0,0
109817,0,0,0
109819,0,0,0
109822,0,0,0
109824,0,0,0
109827,0,0,0
109829,0,0,0
109832,0,0,0
109834,0,0,0
109837,0,0,0
109839,0,0,0
109842,0,0,0
109844,0,0,0
109847,0,0,0
109849,0,0,0
109852,0,0,0
109854,0,0,0
109857,0,0,0
109859,0,0,0
109862,0,0,0
109864,0,0,0
109867,0,0,0
109869,0,0,0
109872,0,0,0
109874,0,0,0
109877,0,0,0
109879,0,0,0
109882,0,0,0
109885,0,0,0
109887,0,0,0
109890,0,0,0
109892,0,0,0
109895,0,0,0
109897,0,0,0
109900,0,0,0
109902,0,0,0
109905,0,0,0
109907,0,0,0
109910,0,0,0
109912,0,0,0
109915,0,0,0
109917,0,0,0
109920,0,0,0
109922,0,0,0
109925,0,0,0
109927,0,0,0
109930,0,0,0
109932,0,0,0
109935,0,0,0
109937,0,0,0
109940,0,0,0
109942,0,0,0
109945,0,0,0
109947,0,0,0
109950,0,0,0
109952,0,0,0
109955,0,0,0
109957,0,0,0
109960,0,0,0
109962,0,0,0
109965,0,0,0
109967,0,0,0
109970,0,0,0
109972,0,0,0
109975,0,0,0
109977,0,0,0
109980,0,0,0
109982,0,0,0
109985,0,0,0
109988,0,0,0
109990,0,0,0
109993,0,0,0
109995,0,0,0
109998,0,0,0
110000,0,0,0
110003,0,0,0
110005,0,0,0
110008,0,0,0
110010,0,0,0
110013,0,0,0
110015,0,0,0
110018,0,0,0
110020,0,0,0
110023,0,0,0
110025,0,0,0
110028,0,0,0
110030,0,0,0
110033,0,0,0
110035,0,0,0
110038,0,0,0
110040,0,0,0
110043,0,0,0
110045,0,0,0
110048,0,0,0
110050,0,0,0
110053,0,0,0
110055,0,0,0
110058,0,0,0
110060,0,0,0
110063,0,0,0
110065,0,0,0
110068,0,0,0
110070,0,0,0
110073,0,0,0
110075,0,0,0
110078,0,0,0
110080,0,0,0
110083,0,0,0
110085,0,0,0
110088,0,0,0
110091,0,0,0
110093,0,0,0
110096,0,0,0
110098,0,0,0
110101,0,0,0
110103,0,0,0
110106,0,0,0
110108,0,0,0
110111,0,0,0
110113,0,0,0
110116,0,0,0
110118,0,0,0
110121,0,0,0
110123,0,0,0
110126,0,0,0
110128,0,0,0
110131,0,0,0
110133,0,0,0
110136,0,0,0
110138,0,0,0
110141,0,0,0
110143,0,0,0
110146,0,0,0
110148,0,0,0
110151,0,0,0
110153,0,0,0
110156,0,0,0
110158,0,0,0
110161,0,0,0
110163,0,0,0
110166,0,0,0
110168,0,0,0
110171,0,0,0
110173,0,0,0
110176,0,0,0
110178,0,0,0
110181,0,0,0
110183,0,0,0
110186,0,0,0
110188,0,0,0
110191,0,0,0
110194,0,0,0
110196,0,0,0
110199,0,0,0
110201,0,0,0
110204,0,0,0
110206,0,0,0
110209,0,0,0
110211,0,0,0
110214,0,0,0
110216,0,0,0
110219,0,0,0
110221,0,0,0
110224,0,0,0
110226,0,0,0
110229,0,0,0
110231,0,0,0
110234,0,0,0
110236,0,0,0
110239,0,0,0
110241,0,0,0
110244,0,0,0
110246,0,0,0
110249,0,0,0
110251,0,0,0
110254,0,0,0
110256,0,0,0
110259,0,0,0
110261,0,0,0
110264,0,0,0
110266,0,0,0
110269,0,0,0
110271,0,0,0
110274,0,0,0
110276,0,0,0
110279,0,0,0
110281,0,0,0
110284,0,0,0
110286,0,0,0
110289,0,0,0
110291,0,0,0
110294,0,0,0
110297,0,0,0
110299,0,0,0
110302,0,0,0
110304,0,0,0
110307,0,0,0
110309,0,0,0
110312,0,0,0
110314,0,0,0
110317,0,0,0
110319,0,0,0
110322,0,0,0
110324,0,0,0
110327,0,0,0
110329,0,0,0
110332,0,0,0
110334,0,0,0
110337,0,0,0
110339,0,0,0
110342,0,0,0
110344,0,0,0
110347,0,0,0
110349,0,0,0
110352,0,0,0
110354,0,0,0
110357,0,0,0
110359,0,0,0
110362,0,0,0
110364,0,0,0
110367,0,0,0
110369,0,0,0
110372,0,0,0
110374,0,0,0
110377,0,0,0
110379,0,0,0
110382,0,0,0
110384,0,0,0
110387,0,0,0
110389,0,0,0
110392,0,0,0
110394,0,0,0
110397,0,0,0
110400,0,0,0
110402,0,0,0
110405,0,0,0
110407,0,0,0
110410,0,0,0
110412,0,0,0
110415,0,0,0
110417,0,0,0
110420,0,0,0
110422,0,0,0
110425,0,0,0
110427,0,0,0
110430,0,0,0
110432,0,0,0
110435,0,0,0
110437,0,0,0
110440,0,0,0
110442,0,0,0
110445,0,0,0
110447,0,0,0
110450,0,0,0
110452,0,0,0
110455,0,0,0
110457,0,0,0
110460,0,0,0
110462,0,0,0
110465,0,0,0
110467,0,0,0
110470,0,0,0
110472,0,0,0
110475,0,0,0
110477,0,0,0
110480,0,0,0
110482,0,0,0
110485,0,0,0
110487,0,0,0
110490,0,0,0
110492,0,0,0
110495,0,0,0
110497,0,0,0
110500,0,0,0
110503,0,0,0
110505,0,0,0
110508,0,0,0
110510,0,0,0
110513,0,0,0
110515,0,0,0
110518,0,0,0
110520,0,0,0
110523,0,0,0
110525,0,0,0
110528,0,0,0
110530,0,0,0
110533,0,0,0
110535,0,0,0
110538,0,0,0
110540,0,0,0
110543,0,0,0
110545,0,0,0
110548,0,0,0
110550,0,0,0
110553,0,0,0
110555,0,0,0
110558,0,0,0
110560,0,0,0
110563,0,0,0
110565,0,0,0
110568,0,0,0
110570,0,0,0
110573,0,0,0
110575,0,0,0
110578,0,0,0
110580,0,0,0
110583,0,0,0
110585,0,0,0
110588,0,0,0
110590,0,0,0
110593,0,0,0
110595,0,0,0
110598,0,0,0
110600,0,0,0
110603,0,0,0
110606,0,0,0
110608,0,0,0
110611,0,0,0
110613,0,0,0
110616,0,0,0
110618,0,0,0
110621,0,0,0
110623,0,0,0
110626,0,0,0
110628,0,0,0
110631,0,0,0
110633,0,0,0
110636,0,0,0
110638,0,0,0
110641,0,0,0
110643,0,0,0
110646,0,0,0
110648,0,0,0
110651,0,0,0
110653,0,0,0
110656,0,0,0
110658,0,0,0
110661,0,0,0
110663,0,0,0
110666,0,0,0
110668,0,0,0
110671,0,0,0
110673,0,0,0
110676,0,0,0
110678,0,0,0
110681,0,0,0
110683,0,0,0
110686,0,0,0
110688,0,0,0
110691,0,0,0
110693,0,0,0
110696,0,0,0
110698,0,0,0
110701,0,0,0
110703,0,0,0
110706,0,0,0
110709,0,0,0
110711,0,0,0
110714,0,0,0
110716,0,0,0
110719,0,0,0
110721,0,0,0
110724,0,0,0
110726,0,0,0
110729,0,0,0
110731,0,0,0
110734,0,0,0
110736,0,0,0
110739,0,0,0
110741,0,0,0
110744,0,0,0
110746,0,0,0
110749,0,0,0
110751,0,0,0
110754,0,0,0
110756,0,0,0
110759,0,0,0
110761,0,0,0
110764,0,0,0
110766,0,0,0
110769,0,0,0
110771,0,0,0
110774,0,0,0
110776,0,0,0
110779,0,0,0
110781,0,0,0
110784,0,0,0
110786,0,0,0
110789,0,0,0
110791,0,0,0
110794,0,0,0
110796,0,0,0
110799,0,0,0
110801,0,0,0
110804,0,0,0
110806,0,0,0
110809,0,0,0
110812,0,0,0
110814,0,0,0
110817,0,0,0
110819,0,0,0
110822,0,0,0
110824,0,0,0
110827,0,0,0
110829,0,0,0
110832,0,0,0
110834,0,0,0
110837,0,0,0
110839,0,0,0
110842,0,0,0
110844,0,0,0
110847,0,0,0
110849,0,0,0
110852,0,0,0
110854,0,0,0
110857,0,0,0
110859,0,0,0
110862,0,0,0
110864,0,0,0
110867,0,0,0
110869,0,0,0
110872,0,0,0
110874,0,0,0
110877,0,0,0
110879,0,0,0
110882,0,0,0
110884,0,0,0
110887,0,0,0
110889,0,0,0
110892,0,0,0
110894,0,0,0
110897,0,0,0
110899,0,0,0
110902,0,0,0
110904,0,0,0
110907,0,0,0
110909,0,0,0
110912,0,0,0
110915,0,0,0
110917,0,0,0
110920,0,0,0
110922,0,0,0
110925,0,0,0
110927,0,0,0
110930,0,0,0
110932,0,0,0
110935,0,0,0
110937,0,0,0
110940,0,0,0
110942,0,0,0
110945,0,0,0
110947,0,0,0
110950,0,0,0
110952,0,0,0
110955,0,0,0
110957,0,0,0
110960,0,0,0
110962,0,0,0
110965,0,0,0
110967,0,0,0
110970,0,0,0
110972,0,0,0
110975,0,0,0
110977,0,0,0
110980,0,0,0
110982,0,0,0
110985,0,0,0
110987,0,0,0
110990,0,0,0
110992,0,0,0
110995,0,0,0
110997,0,0,0
111000,0,0,0
111002,0,0,0
111005,0,0,0
111007,0,0,0
111010,0,0,0
111012,0,0,0
111015,0,0,0
111018,0,0,0
111020,0,0,0
111023,0,0,0
111025,0,0,0
111028,0,0,0
111030,0,0,0
111033,0,0,0
111035,0,0,0
111038,0,0,0
111040,0,0,0
111043,0,0,0
111045,0,0,0
111048,0,0,0
111050,0,0,0
111053,0,0,0
111055,0,0,0
111058,0,0,0
111060,0,0,0
111063,0,0,0
111065,0,0,0
111068,0,0,0
111070,0,0,0
111073,0,0,0
111075,0,0,0
111078,0,0,0
111080,0,0,0
111083,0,0,0
111085,0,0,0
111088,0,0,0
111090,0,0,0
111093,0,0,0
111095,0,0,0
111098,0,0,0
111100,0,0,0
111103,0,0,0
111105,0,0,0
111108,0,0,0
111110,0,0,0
111113,0,0,0
111115,0,0,0
111118,0,0,0
111121,0,0,0
111123,0,0,0
111126,0,0,0
111128,0,0,0
111131,0,0,0
111133,0,0,0
111136,0,0,0
111138,0,0,0
111141,0,0,0
111143,0,0,0
111146,0,0,0
111148,0,0,0
111151,0,0,0
111153,0,0,0
111156,0,0,0
111158,0,0,0
111161,0,0,0
111163,0,0,0
111166,0,0,0
111168,0,0,0
111171,0,0,0
111173,0,0,0
111176,0,0,0
111178,0,0,0
111181,0,0,0
111183,0,0,0
111186,0,0,0
111188,0,0,0
111191,0,0,0
111193,0,0,0
111196,0,0,0
111198,0,0,0
111201,0,0,0
111203,0,0,0
111206,0,0,0
111208,0,0,0
111211,0,0,0
111213,0,0,0
111216,0,0,0
111218,0,0,0
111221,0,0,0
111224,0,0,0
111226,0,0,0
111229,0,0,0
111231,0,0,0
111234,0,0,0
111236,0,0,0
111239,0,0,0
111241,0,0,0
111244,0,0,0
111246,0,0,0
111249,0,0,0
111251,0,0,0
111254,0,0,0
111256,0,0,0
111259,0,0,0
111261,0,0,0
111264,0,0,0
111266,0,0,0
111269,0,0,0
111271,0,0,0
111274,0,0,0
111276,0,0,0
111279,0,0,0
111281,0,0,0
111284,0,0,0
111286,0,0,0
111289,0,0,0
111291,0,0,0
111294,0,0,0
111296,0,0,0
111299,0,0,0
111301,0,0,0
111304,0,0,0
111306,0,0,0
111309,0,0,0
111311,0,0,0
111314,0,0,0
111316,0,0,0
111319,0,0,0
111321,0,0,0
111324,0,0,0
111327,0,0,0
111329,0,0,0
111332,0,0,0
111334,0,0,0
111337,0,0,0
111339,0,0,0
111342,0,0,0
111344,0,0,0
111347,0,0,0
111349,0,0,0
111352,0,0,0
111354,0,0,0
111357,0,0,0
111359,0,0,0
111362,0,0,0
111364,0,0,0
111367,0,0,0
111369,0,0,0
111372,0,0,0
111374,0,0,0
111377,0,0,0
111379,0,0,0
111382,0,0,0
111384,0,0,0
111387,0,0,0
111389,0,0,0
111392,0,0,0
111394,0,0,0
111397,0,0,0
111399,0,0,0
111402,0,0,0
111404,0,0,0
111407,0,0,0
111409,0,0,0
111412,0,0,0
111414,0,0,0
111417,0,0,0
111419,0,0,0
111422,0,0,0
111424,0,0,0
111427,0,0,0
111430,0,0,0
111432,0,0,0
111435,0,0,0
111437,0,0,0
111440,0,0,0
111442,0,0,0
111445,0,0,0
111447,0,0,0
111450,0,0,0
111452,0,0,0
111455,0,0,0
111457,0,0,0
111460,0,0,0
111462,0,0,0
111465,0,0,0
111467,0,0,0
111470,0,0,0
111472,0,0,0
111475,0,0,0
111477,0,0,0
111480,0,0,0
111482,0,0,0
111485,0,0,0
111487,0,0,0
111490,0,0,0
111492,0,0,0
111495,0,0,0
111497,0,0,0
111500,0,0,0
111502,0,0,0
111505,0,0,0
111507,0,0,0
111510,0,0,0
111512,0,0,0
111515,0,0,0
111517,0,0,0
111520,0,0,0
111522,0,0,0
111525,0,0,0
111527,0,0,0
111530,0,0,0
111533,0,0,0
111535,0,0,0
111538,0,0,0
111540,0,0,0
111543,0,0,0
111545,0,0,0
111548,0,0,0
111550,0,0,0
111553,0,0,0
111555,0,0,0
111558,0,0,0
111560,0,0,0
111563,0,0,0
111565,0,0,0
111568,0,0,0
111570,0,0,0
111573,0,0,0
111575,0,0,0
111578,0,0,0
111580,0,0,0
111583,0,0,0
111585,0,0,0
111588,0,0,0
111590,0,0,0
111593,0,0,0
111595,0,0,0
111598,0,0,0
111600,0,0,0
111603,0,0,0
111605,0,0,0
111608,0,0,0
111610,0,0,0
111613,0,0,0
111615,0,0,0
111618,0,0,0
111620,0,0,0
111623,0,0,0
111625,0,0,0
111628,0,0,0
111630,0,0,0
111633,0,0,0
111636,0,0,0
111638,0,0,0
111641,0,0,0
111643,0,0,0
111646,0,0,0
111648,0,0,0
111651,0,0,0
111653,0,0,0
111656,0,0,0
111658,0,0,0
111661,0,0,0
111663,0,0,0
111666,0,0,0
111668,0,0,0
111671,0,0,0
111673,0,0,0
111676,0,0,0
111678,0,0,0
111681,0,0,0
111683,0,0,0
111686,0,0,0
111688,0,0,0
111691,0,0,0
111693,0,0,0
111696,0,0,0
111698,0,0,0
111701,0,0,0
111703,0,0,0
111706,0,0,0
111708,0,0,0
111711,0,0,0
111713,0,0,0
111716,0,0,0
111718,0,0,0
111721,0,0,0
111723,0,0,0
111726,0,0,0
111728,0,0,0
111731,0,0,0
111733,0,0,0
111736,0,0,0
111739,0,0,0
111741,0,0,0
111744,0,0,0
111746,0,0,0
111749,0,0,0
111751,0,0,0
111754,0,0,0
111756,0,0,0
111759,0,0,0
111761,0,0,0
111764,0,0,0
111766,0,0,0
111769,0,0,0
111771,0,0,0
111774,0,0,0
111776,0,0,0
111779,0,0,0
111781,0,0,0
111784,0,0,0
111786,0,0,0
111789,0,0,0
111791,0,0,0
111794,0,0,0
111796,0,0,0
111799,0,0,0
111801,0,0,0
111804,0,0,0
111806,0,0,0
111809,0,0,0
111811,0,0,0
111814,0,0,0
111816,0,0,0
111819,0,0,0
111821,0,0,0
111824,0,0,0
111826,0,0,0
111829,0,0,0
111831,0,0,0
111834,0,0,0
111836,0,0,0
111839,0,0,0
111842,0,0,0
111844,0,0,0
111847,0,0,0
111849,0,0,0
111852,0,0,0
111854,0,0,0
111857,0,0,0
111859,0,0,0
111862,0,0,0
111864,0,0,0
111867,0,0,0
111869,0,0,0
111872,0,0,0
111874,0,0,0
111877,0,0,0
111879,0,0,0
111882,0,0,0
111884,0,0,0
111887,0,0,0
111889,0,0,0
111892,0,0,0
111894,0,0,0
111897,0,0,0
111899,0,0,0
111902,0,0,0
111904,0,0,0
111907,0,0,0
111909,0,0,0
111912,0,0,0
111914,0,0,0
111917,0,0,0
111919,0,0,0
111922,0,0,0
111924,0,0,0
111927,0,0,0
111929,0,0,0
111932,0,0,0
111934,0,0,0
111937,0,0,0
111939,0,0,0
111942,0,0,0
111945,0,0,0
111947,0,0,0
111950,0,0,0
111952,0,0,0
111955,0,0,0
111957,0,0,0
111960,0,0,0
111962,0,0,0
111965,0,0,0
111967,0,0,0
111970,0,0,0
111972,0,0,0
111975,0,0,0
111977,0,0,0
111980,0,0,0
111982,0,0,0
111985,0,0,0
111987,0,0,0
111990,0,0,0
111992,0,0,0
111995,0,0,0
111997,0,0,0
112000,0,0,0
112002,0,0,0
112005,0,0,0
112007,0,0,0
112010,0,0,0
112012,0,0,0
112015,0,0,0
112017,0,0,0
112020,0,0,0
112022,0,0,0
112025,0,0,0
112027,0,0,0
112030,0,0,0
112032,0,0,0
112035,0,0,0
112037,0,0,0
112040,0,0,0
112042,0,0,0
112045,0,0,0
112048,0,0,0
112050,0,0,0
112053,0,0,0
112055,0,0,0
112058,0,0,0
112060,0,0,0
112063,0,0,0
112065,0,0,0
112068,0,0,0
112070,0,0,0
112073,0,0,0
112075,0,0,0
112078,0,0,0
112080,0,0,0
112083,0,0,0
112085,0,0,0
112088,0,0,0
112090,0,0,0
112093,0,0,0
112095,0,0,0
112098,0,0,0
112100,0,0,0
112103,0,0,0
112105,0,0,0
112108,0,0,0
112110,0,0,0
112113,0,0,0
112115,0,0,0
112118,0,0,0
112120,0,0,0
112123,0,0,0
112125,0,0,0
112128,0,0,0
112130,0,0,0
112133,0,0,0
112135,0,0,0
112138,0,0,0
112140,0,0,0
112143,0,0,0
112145,0,0,0
112148,0,0,0
112151,0,0,0
112153,0,0,0
112156,0,0,0
112158,0,0,0
112161,0,0,0
112163,0,0,0
112166,0,0,0
112168,0,0,0
112171,0,0,0
112173,0,0,0
112176,0,0,0
112178,0,0,0
112181,0,0,0
112183,0,0,0
112186,0,0,0
112188,0,0,0
112191,0,0,0
112193,0,0,0
112196,0,0,0
112198,0,0,0
112201,0,0,0
112203,0,0,0
112206,0,0,0
112208,0,0,0
112211,0,0,0
112213,0,0,0
112216,0,0,0
112218,0,0,0
112221,0,0,0
112223,0,0,0
112226,0,0,0
112228,0,0,0
112231,0,0,0
112233,0,0,0
112236,0,0,0
112238,0,0,0
112241,0,0,0
112243,0,0,0
112246,0,0,0
112248,0,0,0
112251,0,0,0
112254,0,0,0
112256,0,0,0
112259,0,0,0
112261,0,0,0
112264,0,0,0
112266,0,0,0
112269,0,0,0
112271,0,0,0
112274,0,0,0
112276,0,0,0
112279,0,0,0
112281,0,0,0
112284,0,0,0
112286,0,0,0
112289,0,0,0
112291,0,0,0
112294,0,0,0
112296,0,0,0
112299,0,0,0
112301,0,0,0
112304,0,0,0
112306,0,0,0
112309,0,0,0
112311,0,0,0
112314,0,0,0
112316,0,0,0
112319,0,0,0
112321,0,0,0
112324,0,0,0
112326,0,0,0
112329,0,0,0
112331,0,0,0
112334,0,0,0
112336,0,0,0
112339,0,0,0
112341,0,0,0
112344,0,0,0
112346,0,0,0
112349,0,0,0
112351,0,0,0
112354,0,0,0
112357,0,0,0
112359,0,0,0
112362,0,0,0
112364,0,0,0
112367,0,0,0
112369,0,0,0
112372,0,0,0
112374,0,0,0
112377,0,0,0
112379,0,0,0
112382,0,0,0
112384,0,0,0
112387,0,0,0
112389,0,0,0
112392,0,0,0
112394,0,0,0
112397,0,0,0
112399,0,0,0
112402,0,0,0
112404,0,0,0
112407,0,0,0
112409,0,0,0
112412,0,0,0
112414,0,0,0
112417,0,0,0
112419,0,0,0
112422,0,0,0
112424,0,0,0
112427,0,0,0
112429,0,0,0
112432,0,0,0
112434,0,0,0
112437,0,0,0
112439,0,0,0
112442,0,0,0
112444,0,0,0
112447,0,0,0
112449,0,0,0
112452,0,0,0
112454,0,0,0
112457,0,0,0
112460,0,0,0
112462,0,0,0
112465,0,0,0
112467,0,0,0
112470,0,0,0
112472,0,0,0
112475,0,0,0
112477,0,0,0
112480,0,0,0
112482,0,0,0
112485,0,0,0
112487,0,0,0
112490,0,0,0
112492,0,0,0
112495,0,0,0
112497,0,0,0
112500,0,0,0
112502,0,0,0
112505,0,0,0
112507,0,0,0
112510,0,0,0
112512,0,0,0
112515,0,0,0
112517,0,0,0
112520,0,0,0
112522,0,0,0
112525,0,0,0
112527,0,0,0
112530,0,0,0
112532,0,0,0
112535,0,0,0
112537,0,0,0
112540,0,0,0
112542,0,0,0
112545,0,0,0
112547,0,0,0
112550,0,0,0
112552,0,0,0
112555,0,0,0
112557,0,0,0
112560,0,0,0
112563,0,0,0
112565,0,0,0
112568,0,0,0
112570,0,0,0
112573,0,0,0
112575,0,0,0
112578,0,0,0
112580,0,0,0
112583,0,0,0
112585,0,0,0
112588,0,0,0
112590,0,0,0
112593,0,0,0
112595,0,0,0
112598,0,0,0
112600,0,0,0
112603,0,0,0
112605,0,0,0
112608,0,0,0
112610,0,0,0
112613,0,0,0
112615,0,0,0
112618,0,0,0
112620,0,0,0
112623,0,0,0
112625,0,0,0
112628,0,0,0
112630,0,0,0
112633,0,0,0
112635,0,0,0
112638,0,0,0
112640,0,0,0
112643,0,0,0
112645,0,0,0
112648,0,0,0
112650,0,0,0
112653,0,0,0
112655,0,0,0
112658,0,0,0
112660,0,0,0
112663,0,0,0
112666,0,0,0
112668,0,0,0
112671,0,0,0
112673,0,0,0
112676,0,0,0
112678,0,0,0
112681,0,0,0
112683,0,0,0
112686,0,0,0
112688,0,0,0
112691,0,0,0
112693,0,0,0
112696,0,0,0
112698,0,0,0
112701,0,0,0
112703,0,0,0
112706,0,0,0
112708,0,0,0
112711,0,0,0
112713,0,0,0
112716,0,0,0
112718,0,0,0
112721,0,0,0
112723,0,0,0
112726,0,0,0
112728,0,0,0
112731,0,0,0
112733,0,0,0
112736,0,0,0
112738,0,0,0
112741,0,0,0
112743,0,0,0
112746,0,0,0
112748,0,0,0
112751,0,0,0
112753,0,0,0
112756,0,0,0
112758,0,0,0
112761,0,0,0
112763,0,0,0
112766,0,0,0
112769,0,0,0
112771,0,0,0
112774,0,0,0
112776,0,0,0
112779,0,0,0
112781,0,0,0
112784,0,0,0
112786,0,0,0
112789,0,0,0
112791,0,0,0
112794,0,0,0
112796,0,0,0
112799,0,0,0
112801,0,0,0
112804,0,0,0
112806,0,0,0
112809,0,0,0
112811,0,0,0
112814,0,0,0
112816,0,0,0
112819,0,0,0
112821,0,0,0
112824,0,0,0
112826,0,0,0
112829,0,0,0
112831,0,0,0
112834,0,0,0
112836,0,0,0
112839,0,0,0
112841,0,0,0
112844,0,0,0
112846,0,0,0
112849,0,0,0
112851,0,0,0
112854,0,0,0
112856,0,0,0
112859,0,0,0
112861,0,0,0
112864,0,0,0
112866,0,0,0
112869,0,0,0
112872,0,0,0
112874,0,0,0
112877,0,0,0
112879,0,0,0
112882,0,0,0
112884,0,0,0
112887,0,0,0
112889,0,0,0
112892,0,0,0
112894,0,0,0
112897,0,0,0
112899,0,0,0
112902,0,0,0
112904,0,0,0
112907,0,0,0
112909,0,0,0
112912,0,0,0
112914,0,0,0
112917,0,0,0
112919,0,0,0
112922,0,0,0
112924,0,0,0
112927,0,0,0
112929,0,0,0
112932,0,0,0
112934,0,0,0
112937,0,0,0
112939,0,0,0
112942,0,0,0
112944,0,0,0
112947,0,0,0
112949,0,0,0
112952,0,0,0
112954,0,0,0
112957,0,0,0
112959,0,0,0
112962,0,0,0
112964,0,0,0
112967,0,0,0
112969,0,0,0
112972,0,0,0
112975,0,0,0
112977,0,0,0
112980,0,0,0
112982,0,0,0
112985,0,0,0
112987,0,0,0
112990,0,0,0
112992,0,0,0
112995,0,0,0
112997,0,0,0
113000,0,0,0
113002,0,0,0
113005,0,0,0
113007,0,0,0
113010,0,0,0
113012,0,0,0
113015,0,0,0
113017,0,0,0
113020,0,0,0
113022,0,0,0
113025,0,0,0
113027,0,0,0
113030,0,0,0
113032,0,0,0
113035,0,0,0
113037,0,0,0
113040,0,0,0
113042,0,0,0
113045,0,0,0
113047,0,0,0
113050,0,0,0
113052,0,0,0
113055,0,0,0
113057,0,0,0
113060,0,0,0
113062,0,0,0
113065,0,0,0
113067,0,0,0
113070,0,0,0
113072,0,0,0
113075,0,0,0
113078,0,0,0
113080,0,0,0
113083,0,0,0
113085,0,0,0
113088,0,0,0
113090,0,0,0
113093,0,0,0
113095,0,0,0
113098,0,0,0
113100,0,0,0
113103,0,0,0
113105,0,0,0
113108,0,0,0
113110,0,0,0
113113,0,0,0
113115,0,0,0
113118,0,0,0
113120,0,0,0
113123,0,0,0
113125,0,0,0
113128,0,0,0
113130,0,0,0
113133,0,0,0
113135,0,0,0
113138,0,0,0
113140,0,0,0
113143,0,0,0
113145,0,0,0
113148,0,0,0
113150,0,0,0
113153,0,0,0
113155,0,0,0
113158,0,0,0
113160,0,0,0
113163,0,0,0
113165,0,0,0
113168,0,0,0
113170,0,0,0
113173,0,0,0
113175,0,0,0
113178,0,0,0
113181,0,0,0
113183,0,0,0
113186,0,0,0
113188,0,0,0
113191,0,0,0
113193,0,0,0
113196,0,0,0
113198,0,0,0
113201,0,0,0
113203,0,0,0
113206,0,0,0
113208,0,0,0
113211,0,0,0
113213,0,0,0
113216,0,0,0
113218,0,0,0
113221,0,0,0
113223,0,0,0
113226,0,0,0
113228,0,0,0
113231,0,0,0
113233,0,0,0
113236,0,0,0
113238,0,0,0
113241,0,0,0
113243,0,0,0
113246,0,0,0
113248,0,0,0
113251,0,0,0
113253,0,0,0
113256,0,0,0
113258,0,0,0
113261,0,0,0
113263,0,0,0
113266,0,0,0
113268,0,0,0
113271,0,0,0
113273,0,0,0
113276,0,0,0
113278,0,0,0
113281,0,0,0
113284,0,0,0
113286,0,0,0
113289,0,0,0
113291,0,0,0
113294,0,0,0
113296,0,0,0
113299,0,0,0
113301,0,0,0
113304,0,0,0
113306,0,0,0
113309,0,0,0
113311,0,0,0
113314,0,0,0
113316,0,0,0
113319,0,0,0
113321,0,0,0
113324,0,0,0
113326,0,0,0
113329,0,0,0
113331,0,0,0
113334,0,0,0
113336,0,0,0
113339,0,0,0
113341,0,0,0
113344,0,0,0
113346,0,0,0
113349,0,0,0
113351,0,0,0
113354,0,0,0
113356,0,0,0
113359,0,0,0
113361,0,0,0
113364,0,0,0
113366,0,0,0
113369,0,0,0
113371,0,0,0
113374,0,0,0
113376,0,0,0
113379,0,0,0
113381,0,0,0
