ID,n0,n1,n3,n4,n5,n6,n7,n8
0,0,1,52,51,306,307,358,357
1,306,307,358,357,612,613,664,663
2,612,613,664,663,918,919,970,969
3,918,919,970,969,1224,1225,1276,1275
4,1224,1225,1276,1275,1530,1531,1582,1581
5,51,52,103,102,357,358,409,408
6,357,358,409,408,663,664,715,714
7,663,664,715,714,969,970,1021,1020
8,969,970,1021,1020,1275,1276,1327,1326
9,1275,1276,1327,1326,1581,1582,1633,1632
10,102,103,154,153,408,409,460,459
11,408,409,460,459,714,715,766,765
12,714,715,766,765,1020,1021,1072,1071
13,1020,1021,1072,1071,1326,1327,1378,1377
14,1326,1327,1378,1377,1632,1633,1684,1683
15,153,154,205,204,459,460,511,510
16,459,460,511,510,765,766,817,816
17,765,766,817,816,1071,1072,1123,1122
18,1071,1072,1123,1122,1377,1378,1429,1428
19,1377,1378,1429,1428,1683,1684,1735,1734
20,204,205,256,255,510,511,562,561
21,510,511,562,561,816,817,868,867
22,816,817,868,867,1122,1123,1174,1173
23,1122,1123,1174,1173,1428,1429,1480,1479
24,1428,1429,1480,1479,1734,1735,1786,1785
25,1,2,53,52,307,308,359,358
26,307,308,359,358,613,614,665,664
27,613,614,665,664,919,920,971,970
28,919,920,971,970,1225,1226,1277,1276
29,1225,1226,1277,1276,1531,1532,1583,1582
30,52,53,104,103,358,359,410,409
31,358,359,410,409,664,665,716,715
32,664,665,716,715,970,971,1022,1021
33,970,971,1022,1021,1276,1277,1328,1327
34,1276,1277,1328,1327,1582,1583,1634,1633
35,103,104,155,154,409,410,461,460
36,409,410,461,460,715,716,767,766
37,715,716,767,766,1021,1022,1073,1072
38,1021,1022,1073,1072,1327,1328,1379,1378
39,1327,1328,1379,1378,1633,1634,1685,1684
40,154,155,206,205,460,461,512,511
41,460,461,512,511,766,767,818,817
42,766,767,818,817,1072,1073,1124,1123
43,1072,1073,1124,1123,1378,1379,1430,1429
44,1378,1379,1430,1429,1684,1685,1736,1735
45,205,206,257,256,511,512,563,562
46,511,512,563,562,817,818,869,868
47,817,818,869,868,1123,1124,1175,1174
48,1123,1124,1175,1174,1429,1430,1481,1480
49,1429,1430,1481,1480,1735,1736,1787,1786
50,2,3,54,53,308,309,360,359
51,308,309,360,359,614,615,666,665
52,614,615,666,665,920,921,972,971
53,920,921,972,971,1226,1227,1278,1277
54,1226,1227,1278,1277,1532,1533,1584,1583
55,53,54,105,104,359,360,411,410
56,359,360,411,410,665,666,717,716
57,665,666,717,716,971,972,1023,1022
58,971,972,1023,1022,1277,1278,1329,1328
59,1277,1278,1329,1328,1583,1584,1635,1634
60,104,105,156,155,410,411,462,461
61,410,411,462,461,716,717,768,767
62,716,717,768,767,1022,1023,1074,1073
63,1022,1023,1074,1073,1328,1329,1380,1379
64,1328,1329,1380,1379,1634,1635,1686,1685
65,155,156,207,206,461,462,513,512
66,461,462,513,512,767,768,819,818
67,767,768,819,818,1073,1074,1125,1124
68,1073,1074,1125,1124,1379,1380,1431,1430
69,1379,1380,1431,1430,1685,1686,1737,1736
70,206,207,258,257,512,513,564,563
71,512,513,564,563,818,819,870,869
72,818,819,870,869,1124,1125,1176,1175
73,1124,1125,1176,1175,1430,1431,1482,1481
74,1430,1431,1482,1481,1736,1737,1788,1787
75,3,4,55,54,309,310,361,360
76,309,310,361,360,615,616,667,666
77,615,616,667,666,921,922,973,972
78,921,922,973,972,1227,1228,1279,1278
79,1227,1228,1279,1278,1533,1534,1585,1584
80,54,55,106,105,360,361,412,411
81,360,361,412,411,666,667,718,717
82,666,667,718,717,972,973,1024,1023
83,972,973,1024,1023,1278,1279,1330,1329
84,1278,1279,1330,1329,1584,1585,1636,1635
85,105,106,157,156,411,412,463,462
86,411,412,463,462,717,718,769,768
87,717,718,769,768,1023,1024,1075,1074
88,1023,1024,1075,1074,1329,1330,1381,1380
89,1329,1330,1381,1380,1635,1636,1687,1686
90,156,157,208,207,462,463,514,513
91,462,463,514,513,768,769,820,819
92,768,769,820,819,1074,1075,1126,1125
93,1074,1075,1126,1125,1380,1381,1432,1431
94,1380,1381,1432,1431,1686,1687,1738,1737
95,207,208,259,258,513,514,565,564
96,513,514,565,564,819,820,871,870
97,819,820,871,870,1125,1126,1177,1176
98,1125,1126,1177,1176,1431,1432,1483,1482
99,1431,1432,1483,1482,1737,1738,1789,1788
100,4,5,56,55,310,311,362,361
101,310,311,362,361,616,617,668,667
102,616,617,668,667,922,923,974,973
103,922,923,974,973,1228,1229,1280,1279
104,1228,1229,1280,1279,1534,1535,1586,1585
105,55,56,107,106,361,362,413,412
106,361,362,413,412,667,668,719,718
107,667,668,719,718,973,974,1025,1024
108,973,974,1025,1024,1279,1280,1331,1330
109,1279,1280,1331,1330,1585,1586,1637,1636
110,106,107,158,157,412,413,464,463
111,412,413,464,463,718,719,770,769
112,718,719,770,769,1024,1025,1076,1075
113,1024,1025,1076,1075,1330,1331,1382,1381
114,1330,1331,1382,1381,1636,1637,1688,1687
115,157,158,209,208,463,464,515,514
116,463,464,515,514,769,770,821,820
117,769,770,821,820,1075,1076,1127,1126
118,1075,1076,1127,1126,1381,1382,1433,1432
119,1381,1382,1433,1432,1687,1688,1739,1738
120,208,209,260,259,514,515,566,565
121,514,515,566,565,820,821,872,871
122,820,821,872,871,1126,1127,1178,1177
123,1126,1127,1178,1177,1432,1433,1484,1483
124,1432,1433,1484,1483,1738,1739,1790,1789
125,5,6,57,56,311,312,363,362
126,311,312,363,362,617,618,669,668
127,617,618,669,668,923,924,975,974
128,923,924,975,974,1229,1230,1281,1280
129,1229,1230,1281,1280,1535,1536,1587,1586
130,56,57,108,107,362,363,414,413
131,362,363,414,413,668,669,720,719
132,668,669,720,719,974,975,1026,1025
133,974,975,1026,1025,1280,1281,1332,1331
134,1280,1281,1332,1331,1586,1587,1638,1637
135,107,108,159,158,413,414,465,464
136,413,414,465,464,719,720,771,770
137,719,720,771,770,1025,1026,1077,1076
138,1025,1026,1077,1076,1331,1332,1383,1382
139,1331,1332,1383,1382,1637,1638,1689,1688
140,158,159,210,209,464,465,516,515
141,464,465,516,515,770,771,822,821
142,770,771,822,821,1076,1077,1128,1127
143,1076,1077,1128,1127,1382,1383,1434,1433
144,1382,1383,1434,1433,1688,1689,1740,1739
145,209,210,261,260,515,516,567,566
146,515,516,567,566,821,822,873,872
147,821,822,873,872,1127,1128,1179,1178
148,1127,1128,1179,1178,1433,1434,1485,1484
149,1433,1434,1485,1484,1739,1740,1791,1790
150,6,7,58,57,312,313,364,363
151,312,313,364,363,618,619,670,669
152,618,619,670,669,924,925,976,975
153,924,925,976,975,1230,1231,1282,1281
154,1230,1231,1282,1281,1536,1537,1588,1587
155,57,58,109,108,363,364,415,414
156,363,364,415,414,669,670,721,720
157,669,670,721,720,975,976,1027,1026
158,975,976,1027,1026,1281,1282,1333,1332
159,1281,1282,1333,1332,1587,1588,1639,1638
160,108,109,160,159,414,415,466,465
161,414,415,466,465,720,721,772,771
162,720,721,772,771,1026,1027,1078,1077
163,1026,1027,1078,1077,1332,1333,1384,1383
164,1332,1333,1384,1383,1638,1639,1690,1689
165,159,160,211,210,465,466,517,516
166,465,466,517,516,771,772,823,822
167,771,772,823,822,1077,1078,1129,1128
168,1077,1078,1129,1128,1383,1384,1435,1434
169,1383,1384,1435,1434,1689,1690,1741,1740
170,210,211,262,261,516,517,568,567
171,516,517,568,567,822,823,874,873
172,822,823,874,873,1128,1129,1180,1179
173,1128,1129,1180,1179,1434,1435,1486,1485
174,1434,1435,1486,1485,1740,1741,1792,1791
175,7,8,59,58,313,314,365,364
176,313,314,365,364,619,620,671,670
177,619,620,671,670,925,926,977,976
178,925,926,977,976,1231,1232,1283,1282
179,1231,1232,1283,1282,1537,1538,1589,1588
180,58,59,110,109,364,365,416,415
181,364,365,416,415,670,671,722,721
182,670,671,722,721,976,977,1028,1027
183,976,977,1028,1027,1282,1283,1334,1333
184,1282,1283,1334,1333,1588,1589,1640,1639
185,109,110,161,160,415,416,467,466
186,415,416,467,466,721,722,773,772
187,721,722,773,772,1027,1028,1079,1078
188,1027,1028,1079,1078,1333,1334,1385,1384
189,1333,1334,1385,1384,1639,1640,1691,1690
190,160,161,212,211,466,467,518,517
191,466,467,518,517,772,773,824,823
192,772,773,824,823,1078,1079,1130,1129
193,1078,1079,1130,1129,1384,1385,1436,1435
194,1384,1385,1436,1435,1690,1691,1742,1741
195,211,212,263,262,517,518,569,568
196,517,518,569,568,823,824,875,874
197,823,824,875,874,1129,1130,1181,1180
198,1129,1130,1181,1180,1435,1436,1487,1486
199,1435,1436,1487,1486,1741,1742,1793,1792
200,8,9,60,59,314,315,366,365
201,314,315,366,365,620,621,672,671
202,620,621,672,671,926,927,978,977
203,926,927,978,977,1232,1233,1284,1283
204,1232,1233,1284,1283,1538,1539,1590,1589
205,59,60,111,110,365,366,417,416
206,365,366,417,416,671,672,723,722
207,671,672,723,722,977,978,1029,1028
208,977,978,1029,1028,1283,1284,1335,1334
209,1283,1284,1335,1334,1589,1590,1641,1640
210,110,111,162,161,416,417,468,467
211,416,417,468,467,722,723,774,773
212,722,723,774,773,1028,1029,1080,1079
213,1028,1029,1080,1079,1334,1335,1386,1385
214,1334,1335,1386,1385,1640,1641,1692,1691
215,161,162,213,212,467,468,519,518
216,467,468,519,518,773,774,825,824
217,773,774,825,824,1079,1080,1131,1130
218,1079,1080,1131,1130,1385,1386,1437,1436
219,1385,1386,1437,1436,1691,1692,1743,1742
220,212,213,264,263,518,519,570,569
221,518,519,570,569,824,825,876,875
222,824,825,876,875,1130,1131,1182,1181
223,1130,1131,1182,1181,1436,1437,1488,1487
224,1436,1437,1488,1487,1742,1743,1794,1793
225,9,10,61,60,315,316,367,366
226,315,316,367,366,621,622,673,672
227,621,622,673,672,927,928,979,978
228,927,928,979,978,1233,1234,1285,1284
229,1233,1234,1285,1284,1539,1540,1591,1590
230,60,61,112,111,366,367,418,417
231,366,367,418,417,672,673,724,723
232,672,673,724,723,978,979,1030,1029
233,978,979,1030,1029,1284,1285,1336,1335
234,1284,1285,1336,1335,1590,1591,1642,1641
235,111,112,163,162,417,418,469,468
236,417,418,469,468,723,724,775,774
237,723,724,775,774,1029,1030,1081,1080
238,1029,1030,1081,1080,1335,1336,1387,1386
239,1335,1336,1387,1386,1641,1642,1693,1692
240,162,163,214,213,468,469,520,519
241,468,469,520,519,774,775,826,825
242,774,775,826,825,1080,1081,1132,1131
243,1080,1081,1132,1131,1386,1387,1438,1437
244,1386,1387,1438,1437,1692,1693,1744,1743
245,213,214,265,264,519,520,571,570
246,519,520,571,570,825,826,877,876
247,825,826,877,876,1131,1132,1183,1182
248,1131,1132,1183,1182,1437,1438,1489,1488
249,1437,1438,1489,1488,1743,1744,1795,1794
250,10,11,62,61,316,317,368,367
251,316,317,368,367,622,623,674,673
252,622,623,674,673,928,929,980,979
253,928,929,980,979,1234,1235,1286,1285
254,1234,1235,1286,1285,1540,1541,1592,1591
255,61,62,113,112,367,368,419,418
256,367,368,419,418,673,674,725,724
257,673,674,725,724,979,980,1031,1030
258,979,980,1031,1030,1285,1286,1337,1336
259,1285,1286,1337,1336,1591,1592,1643,1642
260,112,113,164,163,418,419,470,469
261,418,419,470,469,724,725,776,775
262,724,725,776,775,1030,1031,1082,1081
263,1030,1031,1082,1081,1336,1337,1388,1387
264,1336,1337,1388,1387,1642,1643,1694,1693
265,163,164,215,214,469,470,521,520
266,469,470,521,520,775,776,827,826
267,775,776,827,826,1081,1082,1133,1132
268,1081,1082,1133,1132,1387,1388,1439,1438
269,1387,1388,1439,1438,1693,1694,1745,1744
270,214,215,266,265,520,521,572,571
271,520,521,572,571,826,827,878,877
272,826,827,878,877,1132,1133,1184,1183
273,1132,1133,1184,1183,1438,1439,1490,1489
274,1438,1439,1490,1489,1744,1745,1796,1795
275,11,12,63,62,317,318,369,368
276,317,318,369,368,623,624,675,674
277,623,624,675,674,929,930,981,980
278,929,930,981,980,1235,1236,1287,1286
279,1235,1236,1287,1286,1541,1542,1593,1592
280,62,63,114,113,368,369,420,419
281,368,369,420,419,674,675,726,725
282,674,675,726,725,980,981,1032,1031
283,980,981,1032,1031,1286,1287,1338,1337
284,1286,1287,1338,1337,1592,1593,1644,1643
285,113,114,165,164,419,420,471,470
286,419,420,471,470,725,726,777,776
287,725,726,777,776,1031,1032,1083,1082
288,1031,1032,1083,1082,1337,1338,1389,1388
289,1337,1338,1389,1388,1643,1644,1695,1694
290,164,165,216,215,470,471,522,521
291,470,471,522,521,776,777,828,827
292,776,777,828,827,1082,1083,1134,1133
293,1082,1083,1134,1133,1388,1389,1440,1439
294,1388,1389,1440,1439,1694,1695,1746,1745
295,215,216,267,266,521,522,573,572
296,521,522,573,572,827,828,879,878
297,827,828,879,878,1133,1134,1185,1184
298,1133,1134,1185,1184,1439,1440,1491,1490
299,1439,1440,1491,1490,1745,1746,1797,1796
300,12,13,64,63,318,319,370,369
301,318,319,370,369,624,625,676,675
302,624,625,676,675,930,931,982,981
303,930,931,982,981,1236,1237,1288,1287
304,1236,1237,1288,1287,1542,1543,1594,1593
305,63,64,115,114,369,370,421,420
306,369,370,421,420,675,676,727,726
307,675,676,727,726,981,982,1033,1032
308,981,982,1033,1032,1287,1288,1339,1338
309,1287,1288,1339,1338,1593,1594,1645,1644
310,114,115,166,165,420,421,472,471
311,420,421,472,471,726,727,778,777
312,726,727,778,777,1032,1033,1084,1083
313,1032,1033,1084,1083,1338,1339,1390,1389
314,1338,1339,1390,1389,1644,1645,1696,1695
315,165,166,217,216,471,472,523,522
316,471,472,523,522,777,778,829,828
317,777,778,829,828,1083,1084,1135,1134
318,1083,1084,1135,1134,1389,1390,1441,1440
319,1389,1390,1441,1440,1695,1696,1747,1746
320,216,217,268,267,522,523,574,573
321,522,523,574,573,828,829,880,879
322,828,829,880,879,1134,1135,1186,1185
323,1134,1135,1186,1185,1440,1441,1492,1491
324,1440,1441,1492,1491,1746,1747,1798,1797
325,13,14,65,64,319,320,371,370
326,319,320,371,370,625,626,677,676
327,625,626,677,676,931,932,983,982
328,931,932,983,982,1237,1238,1289,1288
329,1237,1238,1289,1288,1543,1544,1595,1594
330,64,65,116,115,370,371,422,421
331,370,371,422,421,676,677,728,727
332,676,677,728,727,982,983,1034,1033
333,982,983,1034,1033,1288,1289,1340,1339
334,1288,1289,1340,1339,1594,1595,1646,1645
335,115,116,167,166,421,422,473,472
336,421,422,473,472,727,728,779,778
337,727,728,779,778,1033,1034,1085,1084
338,1033,1034,1085,1084,1339,1340,1391,1390
339,1339,1340,1391,1390,1645,1646,1697,1696
340,166,167,218,217,472,473,524,523
341,472,473,524,523,778,779,830,829
342,778,779,830,829,1084,1085,1136,1135
343,1084,1085,1136,1135,1390,1391,1442,1441
344,1390,1391,1442,1441,1696,1697,1748,1747
345,217,218,269,268,523,524,575,574
346,523,524,575,574,829,830,881,880
347,829,830,881,880,1135,1136,1187,1186
348,1135,1136,1187,1186,1441,1442,1493,1492
349,1441,1442,1493,1492,1747,1748,1799,1798
350,14,15,66,65,320,321,372,371
351,320,321,372,371,626,627,678,677
352,626,627,678,677,932,933,984,983
353,932,933,984,983,1238,1239,1290,1289
354,1238,1239,1290,1289,1544,1545,1596,1595
355,65,66,117,116,371,372,423,422
356,371,372,423,422,677,678,729,728
357,677,678,729,728,983,984,1035,1034
358,983,984,1035,1034,1289,1290,1341,1340
359,1289,1290,1341,1340,1595,1596,1647,1646
360,116,117,168,167,422,423,474,473
361,422,423,474,473,728,729,780,779
362,728,729,780,779,1034,1035,1086,1085
363,1034,1035,1086,1085,1340,1341,1392,1391
364,1340,1341,1392,1391,1646,1647,1698,1697
365,167,168,219,218,473,474,525,524
366,473,474,525,524,779,780,831,830
367,779,780,831,830,1085,1086,1137,1136
368,1085,1086,1137,1136,1391,1392,1443,1442
369,1391,1392,1443,1442,1697,1698,1749,1748
370,218,219,270,269,524,525,576,575
371,524,525,576,575,830,831,882,881
372,830,831,882,881,1136,1137,1188,1187
373,1136,1137,1188,1187,1442,1443,1494,1493
374,1442,1443,1494,1493,1748,1749,1800,1799
375,15,16,67,66,321,322,373,372
376,321,322,373,372,627,628,679,678
377,627,628,679,678,933,934,985,984
378,933,934,985,984,1239,1240,1291,1290
379,1239,1240,1291,1290,1545,1546,1597,1596
380,66,67,118,117,372,373,424,423
381,372,373,424,423,678,679,730,729
382,678,679,730,729,984,985,1036,1035
383,984,985,1036,1035,1290,1291,1342,1341
384,1290,1291,1342,1341,1596,1597,1648,1647
385,117,118,169,168,423,424,475,474
386,423,424,475,474,729,730,781,780
387,729,730,781,780,1035,1036,1087,1086
388,1035,1036,1087,1086,1341,1342,1393,1392
389,1341,1342,1393,1392,1647,1648,1699,1698
390,168,169,220,219,474,475,526,525
391,474,475,526,525,780,781,832,831
392,780,781,832,831,1086,1087,1138,1137
393,1086,1087,1138,1137,1392,1393,1444,1443
394,1392,1393,1444,1443,1698,1699,1750,1749
395,219,220,271,270,525,526,577,576
396,525,526,577,576,831,832,883,882
397,831,832,883,882,1137,1138,1189,1188
398,1137,1138,1189,1188,1443,1444,1495,1494
399,1443,1444,1495,1494,1749,1750,1801,1800
400,16,17,68,67,322,323,374,373
401,322,323,374,373,628,629,680,679
402,628,629,680,679,934,935,986,985
403,934,935,986,985,1240,1241,1292,1291
404,1240,1241,1292,1291,1546,1547,1598,1597
405,67,68,119,118,373,374,425,424
406,373,374,425,424,679,680,731,730
407,679,680,731,730,985,986,1037,1036
408,985,986,1037,1036,1291,1292,1343,1342
409,1291,1292,1343,1342,1597,1598,1649,1648
410,118,119,170,169,424,425,476,475
411,424,425,476,475,730,731,782,781
412,730,731,782,781,1036,1037,1088,1087
413,1036,1037,1088,1087,1342,1343,1394,1393
414,1342,1343,1394,1393,1648,1649,1700,1699
415,169,170,221,220,475,476,527,526
416,475,476,527,526,781,782,833,832
417,781,782,833,832,1087,1088,1139,1138
418,1087,1088,1139,1138,1393,1394,1445,1444
419,1393,1394,1445,1444,1699,1700,1751,1750
420,220,221,272,271,526,527,578,577
421,526,527,578,577,832,833,884,883
422,832,833,884,883,1138,1139,1190,1189
423,1138,1139,1190,1189,1444,1445,1496,1495
424,1444,1445,1496,1495,1750,1751,1802,1801
425,17,18,69,68,323,324,375,374
426,323,324,375,374,629,630,681,680
427,629,630,681,680,935,936,987,986
428,935,936,987,986,1241,1242,1293,1292
429,1241,1242,1293,1292,1547,1548,1599,1598
430,68,69,120,119,374,375,426,425
431,374,375,426,425,680,681,732,731
432,680,681,732,731,986,987,1038,1037
433,986,987,1038,1037,1292,1293,1344,1343
434,1292,1293,1344,1343,1598,1599,1650,1649
435,119,120,171,170,425,426,477,476
436,425,426,477,476,731,732,783,782
437,731,732,783,782,1037,1038,1089,1088
438,1037,1038,1089,1088,1343,1344,1395,1394
439,1343,1344,1395,1394,1649,1650,1701,1700
440,170,171,222,221,476,477,528,527
441,476,477,528,527,782,783,834,833
442,782,783,834,833,1088,1089,1140,1139
443,1088,1089,1140,1139,1394,1395,1446,1445
444,1394,1395,1446,1445,1700,1701,1752,1751
445,221,222,273,272,527,528,579,578
446,527,528,579,578,833,834,885,884
447,833,834,885,884,1139,1140,1191,1190
448,1139,1140,1191,1190,1445,1446,1497,1496
449,1445,1446,1497,1496,1751,1752,1803,1802
450,18,19,70,69,324,325,376,375
451,324,325,376,375,630,631,682,681
452,630,631,682,681,936,937,988,987
453,936,937,988,987,1242,1243,1294,1293
454,1242,1243,1294,1293,1548,1549,1600,1599
455,69,70,121,120,375,376,427,426
456,375,376,427,426,681,682,733,732
457,681,682,733,732,987,988,1039,1038
458,987,988,1039,1038,1293,1294,1345,1344
459,1293,1294,1345,1344,1599,1600,1651,1650
460,120,121,172,171,426,427,478,477
461,426,427,478,477,732,733,784,783
462,732,733,784,783,1038,1039,1090,1089
463,1038,1039,1090,1089,1344,1345,1396,1395
464,1344,1345,1396,1395,1650,1651,1702,1701
465,171,172,223,222,477,478,529,528
466,477,478,529,528,783,784,835,834
467,783,784,835,834,1089,1090,1141,1140
468,1089,1090,1141,1140,1395,1396,1447,1446
469,1395,1396,1447,1446,1701,1702,1753,1752
470,222,223,274,273,528,529,580,579
471,528,529,580,579,834,835,886,885
472,834,835,886,885,1140,1141,1192,1191
473,1140,1141,1192,1191,1446,1447,1498,1497
474,1446,1447,1498,1497,1752,1753,1804,1803
475,19,20,71,70,325,326,377,376
476,325,326,377,376,631,632,683,682
477,631,632,683,682,937,938,989,988
478,937,938,989,988,1243,1244,1295,1294
479,1243,1244,1295,1294,1549,1550,1601,1600
480,70,71,122,121,376,377,428,427
481,376,377,428,427,682,683,734,733
482,682,683,734,733,988,989,1040,1039
483,988,989,1040,1039,1294,1295,1346,1345
484,1294,1295,1346,1345,1600,1601,1652,1651
485,121,122,173,172,427,428,479,478
486,427,428,479,478,733,734,785,784
487,733,734,785,784,1039,1040,1091,1090
488,1039,1040,1091,1090,1345,1346,1397,1396
489,1345,1346,1397,1396,1651,1652,1703,1702
490,172,173,224,223,478,479,530,529
491,478,479,530,529,784,785,836,835
492,784,785,836,835,1090,1091,1142,1141
493,1090,1091,1142,1141,1396,1397,1448,1447
494,1396,1397,1448,1447,1702,1703,1754,1753
495,223,224,275,274,529,530,581,580
496,529,530,581,580,835,836,887,886
497,835,836,887,886,1141,1142,1193,1192
498,1141,1142,1193,1192,1447,1448,1499,1498
499,1447,1448,1499,1498,1753,1754,1805,1804
500,20,21,72,71,326,327,378,377
501,326,327,378,377,632,633,684,683
502,632,633,684,683,938,939,990,989
503,938,939,990,989,1244,1245,1296,1295
504,1244,1245,1296,1295,1550,1551,1602,1601
505,71,72,123,122,377,378,429,428
506,377,378,429,428,683,684,735,734
507,683,684,735,734,989,990,1041,1040
508,989,990,1041,1040,1295,1296,1347,1346
509,1295,1296,1347,1346,1601,1602,1653,1652
510,122,123,174,173,428,429,480,479
511,428,429,480,479,734,735,786,785
512,734,735,786,785,1040,1041,1092,1091
513,1040,1041,1092,1091,1346,1347,1398,1397
514,1346,1347,1398,1397,1652,1653,1704,1703
515,173,174,225,224,479,480,531,530
516,479,480,531,530,785,786,837,836
517,785,786,837,836,1091,1092,1143,1142
518,1091,1092,1143,1142,1397,1398,1449,1448
519,1397,1398,1449,1448,1703,1704,1755,1754
520,224,225,276,275,530,531,582,581
521,530,531,582,581,836,837,888,887
522,836,837,888,887,1142,1143,1194,1193
523,1142,1143,1194,1193,1448,1449,1500,1499
524,1448,1449,1500,1499,1754,1755,1806,1805
525,21,22,73,72,327,328,379,378
526,327,328,379,378,633,634,685,684
527,633,634,685,684,939,940,991,990
528,939,940,991,990,1245,1246,1297,1296
529,1245,1246,1297,1296,1551,1552,1603,1602
530,72,73,124,123,378,379,430,429
531,378,379,430,429,684,685,736,735
532,684,685,736,735,990,991,1042,1041
533,990,991,1042,1041,1296,1297,1348,1347
534,1296,1297,1348,1347,1602,1603,1654,1653
535,123,124,175,174,429,430,481,480
536,429,430,481,480,735,736,787,786
537,735,736,787,786,1041,1042,1093,1092
538,1041,1042,1093,1092,1347,1348,1399,1398
539,1347,1348,1399,1398,1653,1654,1705,1704
540,174,175,226,225,480,481,532,531
541,480,481,532,531,786,787,838,837
542,786,787,838,837,1092,1093,1144,1143
543,1092,1093,1144,1143,1398,1399,1450,1449
544,1398,1399,1450,1449,1704,1705,1756,1755
545,225,226,277,276,531,532,583,582
546,531,532,583,582,837,838,889,888
547,837,838,889,888,1143,1144,1195,1194
548,1143,1144,1195,1194,1449,1450,1501,1500
549,1449,1450,1501,1500,1755,1756,1807,1806
550,22,23,74,73,328,329,380,379
551,328,329,380,379,634,635,686,685
552,634,635,686,685,940,941,992,991
553,940,941,992,991,1246,1247,1298,1297
554,1246,1247,1298,1297,1552,1553,1604,1603
555,73,74,125,124,379,380,431,430
556,379,380,431,430,685,686,737,736
557,685,686,737,736,991,992,1043,1042
558,991,992,1043,1042,1297,1298,1349,1348
559,1297,1298,1349,1348,1603,1604,1655,1654
560,124,125,176,175,430,431,482,481
561,430,431,482,481,736,737,788,787
562,736,737,788,787,1042,1043,1094,1093
563,1042,1043,1094,1093,1348,1349,1400,1399
564,1348,1349,1400,1399,1654,1655,1706,1705
565,175,176,227,226,481,482,533,532
566,481,482,533,532,787,788,839,838
567,787,788,839,838,1093,1094,1145,1144
568,1093,1094,1145,1144,1399,1400,1451,1450
569,1399,1400,1451,1450,1705,1706,1757,1756
570,226,227,278,277,532,533,584,583
571,532,533,584,583,838,839,890,889
572,838,839,890,889,1144,1145,1196,1195
573,1144,1145,1196,1195,1450,1451,1502,1501
574,1450,1451,1502,1501,1756,1757,1808,1807
575,23,24,75,74,329,330,381,380
576,329,330,381,380,635,636,687,686
577,635,636,687,686,941,942,993,992
578,941,942,993,992,1247,1248,1299,1298
579,1247,1248,1299,1298,1553,1554,1605,1604
580,74,75,126,125,380,381,432,431
581,380,381,432,431,686,687,738,737
582,686,687,738,737,992,993,1044,1043
583,992,993,1044,1043,1298,1299,1350,1349
584,1298,1299,1350,1349,1604,1605,1656,1655
585,125,126,177,176,431,432,483,482
586,431,432,483,482,737,738,789,788
587,737,738,789,788,1043,1044,1095,1094
588,1043,1044,1095,1094,1349,1350,1401,1400
589,1349,1350,1401,1400,1655,1656,1707,1706
590,176,177,228,227,482,483,534,533
591,482,483,534,533,788,789,840,839
592,788,789,840,839,1094,1095,1146,1145
593,1094,1095,1146,1145,1400,1401,1452,1451
594,1400,1401,1452,1451,1706,1707,1758,1757
595,227,228,279,278,533,534,585,584
596,533,534,585,584,839,840,891,890
597,839,840,891,890,1145,1146,1197,1196
598,1145,1146,1197,1196,1451,1452,1503,1502
599,1451,1452,1503,1502,1757,1758,1809,1808
600,24,25,76,75,330,331,382,381
601,330,331,382,381,636,637,688,687
602,636,637,688,687,942,943,994,993
603,942,943,994,993,1248,1249,1300,1299
604,1248,1249,1300,1299,1554,1555,1606,1605
605,75,76,127,126,381,382,433,432
606,381,382,433,432,687,688,739,738
607,687,688,739,738,993,994,1045,1044
608,993,994,1045,1044,1299,1300,1351,1350
609,1299,1300,1351,1350,1605,1606,1657,1656
610,126,127,178,177,432,433,484,483
611,432,433,484,483,738,739,790,789
612,738,739,790,789,1044,1045,1096,1095
613,1044,1045,1096,1095,1350,1351,1402,1401
614,1350,1351,1402,1401,1656,1657,1708,1707
615,177,178,229,228,483,484,535,534
616,483,484,535,534,789,790,841,840
617,789,790,841,840,1095,1096,1147,1146
618,1095,1096,1147,1146,1401,1402,1453,1452
619,1401,1402,1453,1452,1707,1708,1759,1758
620,228,229,280,279,534,535,586,585
621,534,535,586,585,840,841,892,891
622,840,841,892,891,1146,1147,1198,1197
623,1146,1147,1198,1197,1452,1453,1504,1503
624,1452,1453,1504,1503,1758,1759,1810,1809
625,25,26,77,76,331,332,383,382
626,331,332,383,382,637,638,689,688
627,637,638,689,688,943,944,995,994
628,943,944,995,994,1249,1250,1301,1300
629,1249,1250,1301,1300,1555,1556,1607,1606
630,76,77,128,127,382,383,434,433
631,382,383,434,433,688,689,740,739
632,688,689,740,739,994,995,1046,1045
633,994,995,1046,1045,1300,1301,1352,1351
634,1300,1301,1352,1351,1606,1607,1658,1657
635,127,128,179,178,433,434,485,484
636,433,434,485,484,739,740,791,790
637,739,740,791,790,1045,1046,1097,1096
638,1045,1046,1097,1096,1351,1352,1403,1402
639,1351,1352,1403,1402,1657,1658,1709,1708
640,178,179,230,229,484,485,536,535
641,484,485,536,535,790,791,842,841
642,790,791,842,841,1096,1097,1148,1147
643,1096,1097,1148,1147,1402,1403,1454,1453
644,1402,1403,1454,1453,1708,1709,1760,1759
645,229,230,281,280,535,536,587,586
646,535,536,587,586,841,842,893,892
647,841,842,893,892,1147,1148,1199,1198
648,1147,1148,1199,1198,1453,1454,1505,1504
649,1453,1454,1505,1504,1759,1760,1811,1810
650,26,27,78,77,332,333,384,383
651,332,333,384,383,638,639,690,689
652,638,639,690,689,944,945,996,995
653,944,945,996,995,1250,1251,1302,1301
654,1250,1251,1302,1301,1556,1557,1608,1607
655,77,78,129,128,383,384,435,434
656,383,384,435,434,689,690,741,740
657,689,690,741,740,995,996,1047,1046
658,995,996,1047,1046,1301,1302,1353,1352
659,1301,1302,1353,1352,1607,1608,1659,1658
660,128,129,180,179,434,435,486,485
661,434,435,486,485,740,741,792,791
662,740,741,792,791,1046,1047,1098,1097
663,1046,1047,1098,1097,1352,1353,1404,1403
664,1352,1353,1404,1403,1658,1659,1710,1709
665,179,180,231,230,485,486,537,536
666,485,486,537,536,791,792,843,842
667,791,792,843,842,1097,1098,1149,1148
668,1097,1098,1149,1148,1403,1404,1455,1454
669,1403,1404,1455,1454,1709,1710,1761,1760
670,230,231,282,281,536,537,588,587
671,536,537,588,587,842,843,894,893
672,842,843,894,893,1148,1149,1200,1199
673,1148,1149,1200,1199,1454,1455,1506,1505
674,1454,1455,1506,1505,1760,1761,1812,1811
675,27,28,79,78,333,334,385,384
676,333,334,385,384,639,640,691,690
677,639,640,691,690,945,946,997,996
678,945,946,997,996,1251,1252,1303,1302
679,1251,1252,1303,1302,1557,1558,1609,1608
680,78,79,130,129,384,385,436,435
681,384,385,436,435,690,691,742,741
682,690,691,742,741,996,997,1048,1047
683,996,997,1048,1047,1302,1303,1354,1353
684,1302,1303,1354,1353,1608,1609,1660,1659
685,129,130,181,180,435,436,487,486
686,435,436,487,486,741,742,793,792
687,741,742,793,792,1047,1048,1099,1098
688,1047,1048,1099,1098,1353,1354,1405,1404
689,1353,1354,1405,1404,1659,1660,1711,1710
690,180,181,232,231,486,487,538,537
691,486,487,538,537,792,793,844,843
692,792,793,844,843,1098,1099,1150,1149
693,1098,1099,1150,1149,1404,1405,1456,1455
694,1404,1405,1456,1455,1710,1711,1762,1761
695,231,232,283,282,537,538,589,588
696,537,538,589,588,843,844,895,894
697,843,844,895,894,1149,1150,1201,1200
698,1149,1150,1201,1200,1455,1456,1507,1506
699,1455,1456,1507,1506,1761,1762,1813,1812
700,28,29,80,79,334,335,386,385
701,334,335,386,385,640,641,692,691
702,640,641,692,691,946,947,998,997
703,946,947,998,997,1252,1253,1304,1303
704,1252,1253,1304,1303,1558,1559,1610,1609
705,79,80,131,130,385,386,437,436
706,385,386,437,436,691,692,743,742
707,691,692,743,742,997,998,1049,1048
708,997,998,1049,1048,1303,1304,1355,1354
709,1303,1304,1355,1354,1609,1610,1661,1660
710,130,131,182,181,436,437,488,487
711,436,437,488,487,742,743,794,793
712,742,743,794,793,1048,1049,1100,1099
713,1048,1049,1100,1099,1354,1355,1406,1405
714,1354,1355,1406,1405,1660,1661,1712,1711
715,181,182,233,232,487,488,539,538
716,487,488,539,538,793,794,845,844
717,793,794,845,844,1099,1100,1151,1150
718,1099,1100,1151,1150,1405,1406,1457,1456
719,1405,1406,1457,1456,1711,1712,1763,1762
720,232,233,284,283,538,539,590,589
721,538,539,590,589,844,845,896,895
722,844,845,896,895,1150,1151,1202,1201
723,1150,1151,1202,1201,1456,1457,1508,1507
724,1456,1457,1508,1507,1762,1763,1814,1813
725,29,30,81,80,335,336,387,386
726,335,336,387,386,641,642,693,692
727,641,642,693,692,947,948,999,998
728,947,948,999,998,1253,1254,1305,1304
729,1253,1254,1305,1304,1559,1560,1611,1610
730,80,81,132,131,386,387,438,437
731,386,387,438,437,692,693,744,743
732,692,693,744,743,998,999,1050,1049
733,998,999,1050,1049,1304,1305,1356,1355
734,1304,1305,1356,1355,1610,1611,1662,1661
735,131,132,183,182,437,438,489,488
736,437,438,489,488,743,744,795,794
737,743,744,795,794,1049,1050,1101,1100
738,1049,1050,1101,1100,1355,1356,1407,1406
739,1355,1356,1407,1406,1661,1662,1713,1712
740,182,183,234,233,488,489,540,539
741,488,489,540,539,794,795,846,845
742,794,795,846,845,1100,1101,1152,1151
743,1100,1101,1152,1151,1406,1407,1458,1457
744,1406,1407,1458,1457,1712,1713,1764,1763
745,233,234,285,284,539,540,591,590
746,539,540,591,590,845,846,897,896
747,845,846,897,896,1151,1152,1203,1202
748,1151,1152,1203,1202,1457,1458,1509,1508
749,1457,1458,1509,1508,1763,1764,1815,1814
750,30,31,82,81,336,337,388,387
751,336,337,388,387,642,643,694,693
752,642,643,694,693,948,949,1000,999
753,948,949,1000,999,1254,1255,1306,1305
754,1254,1255,1306,1305,1560,1561,1612,1611
755,81,82,133,132,387,388,439,438
756,387,388,439,438,693,694,745,744
757,693,694,745,744,999,1000,1051,1050
758,999,1000,1051,1050,1305,1306,1357,1356
759,1305,1306,1357,1356,1611,1612,1663,1662
760,132,133,184,183,438,439,490,489
761,438,439,490,489,744,745,796,795
762,744,745,796,795,1050,1051,1102,1101
763,1050,1051,1102,1101,1356,1357,1408,1407
764,1356,1357,1408,1407,1662,1663,1714,1713
765,183,184,235,234,489,490,541,540
766,489,490,541,540,795,796,847,846
767,795,796,847,846,1101,1102,1153,1152
768,1101,1102,1153,1152,1407,1408,1459,1458
769,1407,1408,1459,1458,1713,1714,1765,1764
770,234,235,286,285,540,541,592,591
771,540,541,592,591,846,847,898,897
772,846,847,898,897,1152,1153,1204,1203
773,1152,1153,1204,1203,1458,1459,1510,1509
774,1458,1459,1510,1509,1764,1765,1816,1815
775,31,32,83,82,337,338,389,388
776,337,338,389,388,643,644,695,694
777,643,644,695,694,949,950,1001,1000
778,949,950,1001,1000,1255,1256,1307,1306
779,1255,1256,1307,1306,1561,1562,1613,1612
780,82,83,134,133,388,389,440,439
781,388,389,440,439,694,695,746,745
782,694,695,746,745,1000,1001,1052,1051
783,1000,1001,1052,1051,1306,1307,1358,1357
784,1306,1307,1358,1357,1612,1613,1664,1663
785,133,134,185,184,439,440,491,490
786,439,440,491,490,745,746,797,796
787,745,746,797,796,1051,1052,1103,1102
788,1051,1052,1103,1102,1357,1358,1409,1408
789,1357,1358,1409,1408,1663,1664,1715,1714
790,184,185,236,235,490,491,542,541
791,490,491,542,541,796,797,848,847
792,796,797,848,847,1102,1103,1154,1153
793,1102,1103,1154,1153,1408,1409,1460,1459
794,1408,1409,1460,1459,1714,1715,1766,1765
795,235,236,287,286,541,542,593,592
796,541,542,593,592,847,848,899,898
797,847,848,899,898,1153,1154,1205,1204
798,1153,1154,1205,1204,1459,1460,1511,1510
799,1459,1460,1511,1510,1765,1766,1817,1816
800,32,33,84,83,338,339,390,389
801,338,339,390,389,644,645,696,695
802,644,645,696,695,950,951,1002,1001
803,950,951,1002,1001,1256,1257,1308,1307
804,1256,1257,1308,1307,1562,1563,1614,1613
805,83,84,135,134,389,390,441,440
806,389,390,441,440,695,696,747,746
807,695,696,747,746,1001,1002,1053,1052
808,1001,1002,1053,1052,1307,1308,1359,1358
809,1307,1308,1359,1358,1613,1614,1665,1664
810,134,135,186,185,440,441,492,491
811,440,441,492,491,746,747,798,797
812,746,747,798,797,1052,1053,1104,1103
813,1052,1053,1104,1103,1358,1359,1410,1409
814,1358,1359,1410,1409,1664,1665,1716,1715
815,185,186,237,236,491,492,543,542
816,491,492,543,542,797,798,849,848
817,797,798,849,848,1103,1104,1155,1154
818,1103,1104,1155,1154,1409,1410,1461,1460
819,1409,1410,1461,1460,1715,1716,1767,1766
820,236,237,288,287,542,543,594,593
821,542,543,594,593,848,849,900,899
822,848,849,900,899,1154,1155,1206,1205
823,1154,1155,1206,1205,1460,1461,1512,1511
824,1460,1461,1512,1511,1766,1767,1818,1817
825,33,34,85,84,339,340,391,390
826,339,340,391,390,645,646,697,696
827,645,646,697,696,951,952,1003,1002
828,951,952,1003,1002,1257,1258,1309,1308
829,1257,1258,1309,1308,1563,1564,1615,1614
830,84,85,136,135,390,391,442,441
831,390,391,442,441,696,697,748,747
832,696,697,748,747,1002,1003,1054,1053
833,1002,1003,1054,1053,1308,1309,1360,1359
834,1308,1309,1360,1359,1614,1615,1666,1665
835,135,136,187,186,441,442,493,492
836,441,442,493,492,747,748,799,798
837,747,748,799,798,1053,1054,1105,1104
838,1053,1054,1105,1104,1359,1360,1411,1410
839,1359,1360,1411,1410,1665,1666,1717,1716
840,186,187,238,237,492,493,544,543
841,492,493,544,543,798,799,850,849
842,798,799,850,849,1104,1105,1156,1155
843,1104,1105,1156,1155,1410,1411,1462,1461
844,1410,1411,1462,1461,1716,1717,1768,1767
845,237,238,289,288,543,544,595,594
846,543,544,595,594,849,850,901,900
847,849,850,901,900,1155,1156,1207,1206
848,1155,1156,1207,1206,1461,1462,1513,1512
849,1461,1462,1513,1512,1767,1768,1819,1818
850,34,35,86,85,340,341,392,391
851,340,341,392,391,646,647,698,697
852,646,647,698,697,952,953,1004,1003
853,952,953,1004,1003,1258,1259,1310,1309
854,1258,1259,1310,1309,1564,1565,1616,1615
855,85,86,137,136,391,392,443,442
856,391,392,443,442,697,698,749,748
857,697,698,749,748,1003,1004,1055,1054
858,1003,1004,1055,1054,1309,1310,1361,1360
859,1309,1310,1361,1360,1615,1616,1667,1666
860,136,137,188,187,442,443,494,493
861,442,443,494,493,748,749,800,799
862,748,749,800,799,1054,1055,1106,1105
863,1054,1055,1106,1105,1360,1361,1412,1411
864,1360,1361,1412,1411,1666,1667,1718,1717
865,187,188,239,238,493,494,545,544
866,493,494,545,544,799,800,851,850
867,799,800,851,850,1105,1106,1157,1156
868,1105,1106,1157,1156,1411,1412,1463,1462
869,1411,1412,1463,1462,1717,1718,1769,1768
870,238,239,290,289,544,545,596,595
871,544,545,596,595,850,851,902,901
872,850,851,902,901,1156,1157,1208,1207
873,1156,1157,1208,1207,1462,1463,1514,1513
874,1462,1463,1514,1513,1768,1769,1820,1819
875,35,36,87,86,341,342,393,392
876,341,342,393,392,647,648,699,698
877,647,648,699,698,953,954,1005,1004
878,953,954,1005,1004,1259,1260,1311,1310
879,1259,1260,1311,1310,1565,1566,1617,1616
880,86,87,138,137,392,393,444,443
881,392,393,444,443,698,699,750,749
882,698,699,750,749,1004,1005,1056,1055
883,1004,1005,1056,1055,1310,1311,1362,1361
884,1310,1311,1362,1361,1616,1617,1668,1667
885,137,138,189,188,443,444,495,494
886,443,444,495,494,749,750,801,800
887,749,750,801,800,1055,1056,1107,1106
888,1055,1056,1107,1106,1361,1362,1413,1412
889,1361,1362,1413,1412,1667,1668,1719,1718
890,188,189,240,239,494,495,546,545
891,494,495,546,545,800,801,852,851
892,800,801,852,851,1106,1107,1158,1157
893,1106,1107,1158,1157,1412,1413,1464,1463
894,1412,1413,1464,1463,1718,1719,1770,1769
895,239,240,291,290,545,546,597,596
896,545,546,597,596,851,852,903,902
897,851,852,903,902,1157,1158,1209,1208
898,1157,1158,1209,1208,1463,1464,1515,1514
899,1463,1464,1515,1514,1769,1770,1821,1820
900,36,37,88,87,342,343,394,393
901,342,343,394,393,648,649,700,699
902,648,649,700,699,954,955,1006,1005
903,954,955,1006,1005,1260,1261,1312,1311
904,1260,1261,1312,1311,1566,1567,1618,1617
905,87,88,139,138,393,394,445,444
906,393,394,445,444,699,700,751,750
907,699,700,751,750,1005,1006,1057,1056
908,1005,1006,1057,1056,1311,1312,1363,1362
909,1311,1312,1363,1362,1617,1618,1669,1668
910,138,139,190,189,444,445,496,495
911,444,445,496,495,750,751,802,801
912,750,751,802,801,1056,1057,1108,1107
913,1056,1057,1108,1107,1362,1363,1414,1413
914,1362,1363,1414,1413,1668,1669,1720,1719
915,189,190,241,240,495,496,547,546
916,495,496,547,546,801,802,853,852
917,801,802,853,852,1107,1108,1159,1158
918,1107,1108,1159,1158,1413,1414,1465,1464
919,1413,1414,1465,1464,1719,1720,1771,1770
920,240,241,292,291,546,547,598,597
921,546,547,598,597,852,853,904,903
922,852,853,904,903,1158,1159,1210,1209
923,1158,1159,1210,1209,1464,1465,1516,1515
924,1464,1465,1516,1515,1770,1771,1822,1821
925,37,38,89,88,343,344,395,394
926,343,344,395,394,649,650,701,700
927,649,650,701,700,955,956,1007,1006
928,955,956,1007,1006,1261,1262,1313,1312
929,1261,1262,1313,1312,1567,1568,1619,1618
930,88,89,140,139,394,395,446,445
931,394,395,446,445,700,701,752,751
932,700,701,752,751,1006,1007,1058,1057
933,1006,1007,1058,1057,1312,1313,1364,1363
934,1312,1313,1364,1363,1618,1619,1670,1669
935,139,140,191,190,445,446,497,496
936,445,446,497,496,751,752,803,802
937,751,752,803,802,1057,1058,1109,1108
938,1057,1058,1109,1108,1363,1364,1415,1414
939,1363,1364,1415,1414,1669,1670,1721,1720
940,190,191,242,241,496,497,548,547
941,496,497,548,547,802,803,854,853
942,802,803,854,853,1108,1109,1160,1159
943,1108,1109,1160,1159,1414,1415,1466,1465
944,1414,1415,1466,1465,1720,1721,1772,1771
945,241,242,293,292,547,548,599,598
946,547,548,599,598,853,854,905,904
947,853,854,905,904,1159,1160,1211,1210
948,1159,1160,1211,1210,1465,1466,1517,1516
949,1465,1466,1517,1516,1771,1772,1823,1822
950,38,39,90,89,344,345,396,395
951,344,345,396,395,650,651,702,701
952,650,651,702,701,956,957,1008,1007
953,956,957,1008,1007,1262,1263,1314,1313
954,1262,1263,1314,1313,1568,1569,1620,1619
955,89,90,141,140,395,396,447,446
956,395,396,447,446,701,702,753,752
957,701,702,753,752,1007,1008,1059,1058
958,1007,1008,1059,1058,1313,1314,1365,1364
959,1313,1314,1365,1364,1619,1620,1671,1670
960,140,141,192,191,446,447,498,497
961,446,447,498,497,752,753,804,803
962,752,753,804,803,1058,1059,1110,1109
963,1058,1059,1110,1109,1364,1365,1416,1415
964,1364,1365,1416,1415,1670,1671,1722,1721
965,191,192,243,242,497,498,549,548
966,497,498,549,548,803,804,855,854
967,803,804,855,854,1109,1110,1161,1160
968,1109,1110,1161,1160,1415,1416,1467,1466
969,1415,1416,1467,1466,1721,1722,1773,1772
970,242,243,294,293,548,549,600,599
971,548,549,600,599,854,855,906,905
972,854,855,906,905,1160,1161,1212,1211
973,1160,1161,1212,1211,1466,1467,1518,1517
974,1466,1467,1518,1517,1772,1773,1824,1823
975,39,40,91,90,345,346,397,396
976,345,346,397,396,651,652,703,702
977,651,652,703,702,957,958,1009,1008
978,957,958,1009,1008,1263,1264,1315,1314
979,1263,1264,1315,1314,1569,1570,1621,1620
980,90,91,142,141,396,397,448,447
981,396,397,448,447,702,703,754,753
982,702,703,754,753,1008,1009,1060,1059
983,1008,1009,1060,1059,1314,1315,1366,1365
984,1314,1315,1366,1365,1620,1621,1672,1671
985,141,142,193,192,447,448,499,498
986,447,448,499,498,753,754,805,804
987,753,754,805,804,1059,1060,1111,1110
988,1059,1060,1111,1110,1365,1366,1417,1416
989,1365,1366,1417,1416,1671,1672,1723,1722
990,192,193,244,243,498,499,550,549
991,498,499,550,549,804,805,856,855
992,804,805,856,855,1110,1111,1162,1161
993,1110,1111,1162,1161,1416,1417,1468,1467
994,1416,1417,1468,1467,1722,1723,1774,1773
995,243,244,295,294,549,550,601,600
996,549,550,601,600,855,856,907,906
997,855,856,907,906,1161,1162,1213,1212
998,1161,1162,1213,1212,1467,1468,1519,1518
999,1467,1468,1519,1518,1773,1774,1825,1824
1000,40,41,92,91,346,347,398,397
1001,346,347,398,397,652,653,704,703
1002,652,653,704,703,958,959,1010,1009
1003,958,959,1010,1009,1264,1265,1316,1315
1004,1264,1265,1316,1315,1570,1571,1622,1621
1005,91,92,143,142,397,398,449,448
1006,397,398,449,448,703,704,755,754
1007,703,704,755,754,1009,1010,1061,1060
1008,1009,1010,1061,1060,1315,1316,1367,1366
1009,1315,1316,1367,1366,1621,1622,1673,1672
1010,142,143,194,193,448,449,500,499
1011,448,449,500,499,754,755,806,805
1012,754,755,806,805,1060,1061,1112,1111
1013,1060,1061,1112,1111,1366,1367,1418,1417
1014,1366,1367,1418,1417,1672,1673,1724,1723
1015,193,194,245,244,499,500,551,550
1016,499,500,551,550,805,806,857,856
1017,805,806,857,856,1111,1112,1163,1162
1018,1111,1112,1163,1162,1417,1418,1469,1468
1019,1417,1418,1469,1468,1723,1724,1775,1774
1020,244,245,296,295,550,551,602,601
1021,550,551,602,601,856,857,908,907
1022,856,857,908,907,1162,1163,1214,1213
1023,1162,1163,1214,1213,1468,1469,1520,1519
1024,1468,1469,1520,1519,1774,1775,1826,1825
1025,41,42,93,92,347,348,399,398
1026,347,348,399,398,653,654,705,704
1027,653,654,705,704,959,960,1011,1010
1028,959,960,1011,1010,1265,1266,1317,1316
1029,1265,1266,1317,1316,1571,1572,1623,1622
1030,92,93,144,143,398,399,450,449
1031,398,399,450,449,704,705,756,755
1032,704,705,756,755,1010,1011,1062,1061
1033,1010,1011,1062,1061,1316,1317,1368,1367
1034,1316,1317,1368,1367,1622,1623,1674,1673
1035,143,144,195,194,449,450,501,500
1036,449,450,501,500,755,756,807,806
1037,755,756,807,806,1061,1062,1113,1112
1038,1061,1062,1113,1112,1367,1368,1419,1418
1039,1367,1368,1419,1418,1673,1674,1725,1724
1040,194,195,246,245,500,501,552,551
1041,500,501,552,551,806,807,858,857
1042,806,807,858,857,1112,1113,1164,1163
1043,1112,1113,1164,1163,1418,1419,1470,1469
1044,1418,1419,1470,1469,1724,1725,1776,1775
1045,245,246,297,296,551,552,603,602
1046,551,552,603,602,857,858,909,908
1047,857,858,909,908,1163,1164,1215,1214
1048,1163,1164,1215,1214,1469,1470,1521,1520
1049,1469,1470,1521,1520,1775,1776,1827,1826
1050,42,43,94,93,348,349,400,399
1051,348,349,400,399,654,655,706,705
1052,654,655,706,705,960,961,1012,1011
1053,960,961,1012,1011,1266,1267,1318,1317
1054,1266,1267,1318,1317,1572,1573,1624,1623
1055,93,94,145,144,399,400,451,450
1056,399,400,451,450,705,706,757,756
1057,705,706,757,756,1011,1012,1063,1062
1058,1011,1012,1063,1062,1317,1318,1369,1368
1059,1317,1318,1369,1368,1623,1624,1675,1674
1060,144,145,196,195,450,451,502,501
1061,450,451,502,501,756,757,808,807
1062,756,757,808,807,1062,1063,1114,1113
1063,1062,1063,1114,1113,1368,1369,1420,1419
1064,1368,1369,1420,1419,1674,1675,1726,1725
1065,195,196,247,246,501,502,553,552
1066,501,502,553,552,807,808,859,858
1067,807,808,859,858,1113,1114,1165,1164
1068,1113,1114,1165,1164,1419,1420,1471,1470
1069,1419,1420,1471,1470,1725,1726,1777,1776
1070,246,247,298,297,552,553,604,603
1071,552,553,604,603,858,859,910,909
1072,858,859,910,909,1164,1165,1216,1215
1073,1164,1165,1216,1215,1470,1471,1522,1521
1074,1470,1471,1522,1521,1776,1777,1828,1827
1075,43,44,95,94,349,350,401,400
1076,349,350,401,400,655,656,707,706
1077,655,656,707,706,961,962,1013,1012
1078,961,962,1013,1012,1267,1268,1319,1318
1079,1267,1268,1319,1318,1573,1574,1625,1624
1080,94,95,146,145,400,401,452,451
1081,400,401,452,451,706,707,758,757
1082,706,707,758,757,1012,1013,1064,1063
1083,1012,1013,1064,1063,1318,1319,1370,1369
1084,1318,1319,1370,1369,1624,1625,1676,1675
1085,145,146,197,196,451,452,503,502
1086,451,452,503,502,757,758,809,808
1087,757,758,809,808,1063,1064,1115,1114
1088,1063,1064,1115,1114,1369,1370,1421,1420
1089,1369,1370,1421,1420,1675,1676,1727,1726
1090,196,197,248,247,502,503,554,553
1091,502,503,554,553,808,809,860,859
1092,808,809,860,859,1114,1115,1166,1165
1093,1114,1115,1166,1165,1420,1421,1472,1471
1094,1420,1421,1472,1471,1726,1727,1778,1777
1095,247,248,299,298,553,554,605,604
1096,553,554,605,604,859,860,911,910
1097,859,860,911,910,1165,1166,1217,1216
1098,1165,1166,1217,1216,1471,1472,1523,1522
1099,1471,1472,1523,1522,1777,1778,1829,1828
1100,44,45,96,95,350,351,402,401
1101,350,351,402,401,656,657,708,707
1102,656,657,708,707,962,963,1014,1013
1103,962,963,1014,1013,1268,1269,1320,1319
1104,1268,1269,1320,1319,1574,1575,1626,1625
1105,95,96,147,146,401,402,453,452
1106,401,402,453,452,707,708,759,758
1107,707,708,759,758,1013,1014,1065,1064
1108,1013,1014,1065,1064,1319,1320,1371,1370
1109,1319,1320,1371,1370,1625,1626,1677,1676
1110,146,147,198,197,452,453,504,503
1111,452,453,504,503,758,759,810,809
1112,758,759,810,809,1064,1065,1116,1115
1113,1064,1065,1116,1115,1370,1371,1422,1421
1114,1370,1371,1422,1421,1676,1677,1728,1727
1115,197,198,249,248,503,504,555,554
1116,503,504,555,554,809,810,861,860
1117,809,810,861,860,1115,1116,1167,1166
1118,1115,1116,1167,1166,1421,1422,1473,1472
1119,1421,1422,1473,1472,1727,1728,1779,1778
1120,248,249,300,299,554,555,606,605
1121,554,555,606,605,860,861,912,911
1122,860,861,912,911,1166,1167,1218,1217
1123,1166,1167,1218,1217,1472,1473,1524,1523
1124,1472,1473,1524,1523,1778,1779,1830,1829
1125,45,46,97,96,351,352,403,402
1126,351,352,403,402,657,658,709,708
1127,657,658,709,708,963,964,1015,1014
1128,963,964,1015,1014,1269,1270,1321,1320
1129,1269,1270,1321,1320,1575,1576,1627,1626
1130,96,97,148,147,402,403,454,453
1131,402,403,454,453,708,709,760,759
1132,708,709,760,759,1014,1015,1066,1065
1133,1014,1015,1066,1065,1320,1321,1372,1371
1134,1320,1321,1372,1371,1626,1627,1678,1677
1135,147,148,199,198,453,454,505,504
1136,453,454,505,504,759,760,811,810
1137,759,760,811,810,1065,1066,1117,1116
1138,1065,1066,1117,1116,1371,1372,1423,1422
1139,1371,1372,1423,1422,1677,1678,1729,1728
1140,198,199,250,249,504,505,556,555
1141,504,505,556,555,810,811,862,861
1142,810,811,862,861,1116,1117,1168,1167
1143,1116,1117,1168,1167,1422,1423,1474,1473
1144,1422,1423,1474,1473,1728,1729,1780,1779
1145,249,250,301,300,555,556,607,606
1146,555,556,607,606,861,862,913,912
1147,861,862,913,912,1167,1168,1219,1218
1148,1167,1168,1219,1218,1473,1474,1525,1524
1149,1473,1474,1525,1524,1779,1780,1831,1830
1150,46,47,98,97,352,353,404,403
1151,352,353,404,403,658,659,710,709
1152,658,659,710,709,964,965,1016,1015
1153,964,965,1016,1015,1270,1271,1322,1321
1154,1270,1271,1322,1321,1576,1577,1628,1627
1155,97,98,149,148,403,404,455,454
1156,403,404,455,454,709,710,761,760
1157,709,710,761,760,1015,1016,1067,1066
1158,1015,1016,1067,1066,1321,1322,1373,1372
1159,1321,1322,1373,1372,1627,1628,1679,1678
1160,148,149,200,199,454,455,506,505
1161,454,455,506,505,760,761,812,811
1162,760,761,812,811,1066,1067,1118,1117
1163,1066,1067,1118,1117,1372,1373,1424,1423
1164,1372,1373,1424,1423,1678,1679,1730,1729
1165,199,200,251,250,505,506,557,556
1166,505,506,557,556,811,812,863,862
1167,811,812,863,862,1117,1118,1169,1168
1168,1117,1118,1169,1168,1423,1424,1475,1474
1169,1423,1424,1475,1474,1729,1730,1781,1780
1170,250,251,302,301,556,557,608,607
1171,556,557,608,607,862,863,914,913
1172,862,863,914,913,1168,1169,1220,1219
1173,1168,1169,1220,1219,1474,1475,1526,1525
1174,1474,1475,1526,1525,1780,1781,1832,1831
1175,47,48,99,98,353,354,405,404
1176,353,354,405,404,659,660,711,710
1177,659,660,711,710,965,966,1017,1016
1178,965,966,1017,1016,1271,1272,1323,1322
1179,1271,1272,1323,1322,1577,1578,1629,1628
1180,98,99,150,149,404,405,456,455
1181,404,405,456,455,710,711,762,761
1182,710,711,762,761,1016,1017,1068,1067
1183,1016,1017,1068,1067,1322,1323,1374,1373
1184,1322,1323,1374,1373,1628,1629,1680,1679
1185,149,150,201,200,455,456,507,506
1186,455,456,507,506,761,762,813,812
1187,761,762,813,812,1067,1068,1119,1118
1188,1067,1068,1119,1118,1373,1374,1425,1424
1189,1373,1374,1425,1424,1679,1680,1731,1730
1190,200,201,252,251,506,507,558,557
1191,506,507,558,557,812,813,864,863
1192,812,813,864,863,1118,1119,1170,1169
1193,1118,1119,1170,1169,1424,1425,1476,1475
1194,1424,1425,1476,1475,1730,1731,1782,1781
1195,251,252,303,302,557,558,609,608
1196,557,558,609,608,863,864,915,914
1197,863,864,915,914,1169,1170,1221,1220
1198,1169,1170,1221,1220,1475,1476,1527,1526
1199,1475,1476,1527,1526,1781,1782,1833,1832
1200,48,49,100,99,354,355,406,405
1201,354,355,406,405,660,661,712,711
1202,660,661,712,711,966,967,1018,1017
1203,966,967,1018,1017,1272,1273,1324,1323
1204,1272,1273,1324,1323,1578,1579,1630,1629
1205,99,100,151,150,405,406,457,456
1206,405,406,457,456,711,712,763,762
1207,711,712,763,762,1017,1018,1069,1068
1208,1017,1018,1069,1068,1323,1324,1375,1374
1209,1323,1324,1375,1374,1629,1630,1681,1680
1210,150,151,202,201,456,457,508,507
1211,456,457,508,507,762,763,814,813
1212,762,763,814,813,1068,1069,1120,1119
1213,1068,1069,1120,1119,1374,1375,1426,1425
1214,1374,1375,1426,1425,1680,1681,1732,1731
1215,201,202,253,252,507,508,559,558
1216,507,508,559,558,813,814,865,864
1217,813,814,865,864,1119,1120,1171,1170
1218,1119,1120,1171,1170,1425,1426,1477,1476
1219,1425,1426,1477,1476,1731,1732,1783,1782
1220,252,253,304,303,558,559,610,609
1221,558,559,610,609,864,865,916,915
1222,864,865,916,915,1170,1171,1222,1221
1223,1170,1171,1222,1221,1476,1477,1528,1527
1224,1476,1477,1528,1527,1782,1783,1834,1833
1225,49,50,101,100,355,356,407,406
1226,355,356,407,406,661,662,713,712
1227,661,662,713,712,967,968,1019,1018
1228,967,968,1019,1018,1273,1274,1325,1324
1229,1273,1274,1325,1324,1579,1580,1631,1630
1230,100,101,152,151,406,407,458,457
1231,406,407,458,457,712,713,764,763
1232,712,713,764,763,1018,1019,1070,1069
1233,1018,1019,1070,1069,1324,1325,1376,1375
1234,1324,1325,1376,1375,1630,1631,1682,1681
1235,151,152,203,202,457,458,509,508
1236,457,458,509,508,763,764,815,814
1237,763,764,815,814,1069,1070,1121,1120
1238,1069,1070,1121,1120,1375,1376,1427,1426
1239,1375,1376,1427,1426,1681,1682,1733,1732
1240,202,203,254,253,508,509,560,559
1241,508,509,560,559,814,815,866,865
1242,814,815,866,865,1120,1121,1172,1171
1243,1120,1121,1172,1171,1426,1427,1478,1477
1244,1426,1427,1478,1477,1732,1733,1784,1783
1245,253,254,305,304,559,560,611,610
1246,559,560,611,610,865,866,917,916
1247,865,866,917,916,1171,1172,1223,1222
1248,1171,1172,1223,1222,1477,1478,1529,1528
1249,1477,1478,1529,1528,1783,1784,1835,1834
