id,,
0,100,201
1,201,302
2,302,403
3,403,504
4,504,605
5,605,706
6,706,807
7,807,908
8,908,1009
9,1009,1110
10,1110,1211
11,1211,1312
12,1312,1413
13,1413,1514
14,1514,1615
15,1615,1716
16,1716,1817
17,1817,1918
18,1918,2019
19,2019,2120
20,2120,2221
21,2221,2322
22,2322,2423
23,2423,2524
24,2524,2625
25,2625,2726
26,2726,2827
27,2827,2928
28,2928,3029
29,3029,3130
30,3130,3231
31,3231,3332
32,3332,3433
33,3433,3534
34,3534,3635
35,3635,3736
36,3736,3837
37,3837,3938
38,3938,4039
39,4039,4140
40,4140,4241
41,4241,4342
42,4342,4443
43,4443,4544
44,4544,4645
45,4645,4746
46,4746,4847
47,4847,4948
48,4948,5049
49,5049,5150
50,5150,5251
51,5251,5352
52,5352,5453
53,5453,5554
54,5554,5655
55,5655,5756
56,5756,5857
57,5857,5958
58,5958,6059
59,6059,6160
60,6160,6261
61,6261,6362
62,6362,6463
63,6463,6564
64,6564,6665
65,6665,6766
66,6766,6867
67,6867,6968
68,6968,7069
69,7069,7170
70,7170,7271
71,7271,7372
72,7372,7473
73,7473,7574
74,7574,7675
75,7675,7776
76,7776,7877
77,7877,7978
78,7978,8079
79,8079,8180
80,8180,8281
81,8281,8382
82,8382,8483
83,8483,8584
84,8584,8685
85,8685,8786
86,8786,8887
87,8887,8988
88,8988,9089
89,9089,9190
90,9190,9291
91,9291,9392
92,9392,9493
93,9493,9594
94,9594,9695
95,9695,9796
96,9796,9897
97,9897,9998
98,9998,10099
99,10099,10200
100,10200,10301
101,10301,10402
102,10402,10503
103,10503,10604
104,10604,10705
105,10705,10806
106,10806,10907
107,10907,11008
108,11008,11109
109,11109,11210
110,11210,11311
111,11311,11412
112,11412,11513
113,11513,11614
114,11614,11715
115,11715,11816
116,11816,11917
117,11917,12018
118,12018,12119
119,12119,12220
120,12220,12321
121,12321,12422
122,12422,12523
123,12523,12624
124,12624,12725
125,12725,12826
126,12826,12927
127,12927,13028
128,13028,13129
129,13129,13230
130,13230,13331
131,13331,13432
132,13432,13533
133,13533,13634
134,13634,13735
135,13735,13836
136,13836,13937
137,13937,14038
138,14038,14139
139,14139,14240
140,14240,14341
141,14341,14442
142,14442,14543
143,14543,14644
144,14644,14745
145,14745,14846
146,14846,14947
147,14947,15048
148,15048,15149
149,15149,15250
150,15250,15351
151,15351,15452
152,15452,15553
153,15553,15654
154,15654,15755
155,15755,15856
156,15856,15957
157,15957,16058
158,16058,16159
159,16159,16260
160,16260,16361
161,16361,16462
162,16462,16563
163,16563,16664
164,16664,16765
165,16765,16866
166,16866,16967
167,16967,17068
168,17068,17169
169,17169,17270
170,17270,17371
171,17371,17472
172,17472,17573
173,17573,17674
174,17674,17775
175,17775,17876
176,17876,17977
177,17977,18078
178,18078,18179
179,18179,18280
180,18280,18381
181,18381,18482
182,18482,18583
183,18583,18684
184,18684,18785
185,18785,18886
186,18886,18987
187,18987,19088
188,19088,19189
189,19189,19290
190,19290,19391
191,19391,19492
192,19492,19593
193,19593,19694
194,19694,19795
195,19795,19896
196,19896,19997
197,19997,20098
198,20098,20199
199,20199,20300
200,20300,20401
201,20401,20502
202,20502,20603
203,20603,20704
204,20704,20805
205,20805,20906
206,20906,21007
207,21007,21108
208,21108,21209
209,21209,21310
210,21310,21411
211,21411,21512
212,21512,21613
213,21613,21714
214,21714,21815
215,21815,21916
216,21916,22017
217,22017,22118
218,22118,22219
219,22219,22320
220,22320,22421
221,22421,22522
222,22522,22623
223,22623,22724
224,22724,22825
225,22825,22926
226,22926,23027
227,23027,23128
228,23128,23229
229,23229,23330
230,23330,23431
231,23431,23532
232,23532,23633
233,23633,23734
234,23734,23835
235,23835,23936
236,23936,24037
237,24037,24138
238,24138,24239
239,24239,24340
240,24340,24441
241,24441,24542
242,24542,24643
243,24643,24744
244,24744,24845
245,24845,24946
246,24946,25047
247,25047,25148
248,25148,25249
249,25249,25350
250,25350,25451
251,25451,25552
252,25552,25653
253,25653,25754
254,25754,25855
255,25855,25956
256,25956,26057
257,26057,26158
258,26158,26259
259,26259,26360
260,26360,26461
261,26461,26562
262,26562,26663
263,26663,26764
264,26764,26865
265,26865,26966
266,26966,27067
267,27067,27168
268,27168,27269
269,27269,27370
270,27370,27471
271,27471,27572
272,27572,27673
273,27673,27774
274,27774,27875
275,27875,27976
276,27976,28077
277,28077,28178
278,28178,28279
279,28279,28380
280,28380,28481
281,28481,28582
282,28582,28683
283,28683,28784
284,28784,28885
285,28885,28986
286,28986,29087
287,29087,29188
288,29188,29289
289,29289,29390
290,29390,29491
291,29491,29592
292,29592,29693
293,29693,29794
294,29794,29895
295,29895,29996
296,29996,30097
297,30097,30198
298,30198,30299
299,30299,30400
300,30400,30501
301,30501,30602
302,30602,30703
303,30703,30804
304,30804,30905
305,30905,31006
306,31006,31107
307,31107,31208
308,31208,31309
309,31309,31410
310,31410,31511
311,31511,31612
312,31612,31713
313,31713,31814
314,31814,31915
315,31915,32016
316,32016,32117
317,32117,32218
318,32218,32319
319,32319,32420
320,32420,32521
321,32521,32622
322,32622,32723
323,32723,32824
324,32824,32925
325,32925,33026
326,33026,33127
327,33127,33228
328,33228,33329
329,33329,33430
330,33430,33531
331,33531,33632
332,33632,33733
333,33733,33834
334,33834,33935
335,33935,34036
336,34036,34137
337,34137,34238
338,34238,34339
339,34339,34440
340,34440,34541
341,34541,34642
342,34642,34743
343,34743,34844
344,34844,34945
345,34945,35046
346,35046,35147
347,35147,35248
348,35248,35349
349,35349,35450
350,35450,35551
351,35551,35652
352,35652,35753
353,35753,35854
354,35854,35955
355,35955,36056
356,36056,36157
357,36157,36258
358,36258,36359
359,36359,36460
360,36460,36561
361,36561,36662
362,36662,36763
363,36763,36864
364,36864,36965
365,36965,37066
366,37066,37167
367,37167,37268
368,37268,37369
369,37369,37470
370,37470,37571
371,37571,37672
372,37672,37773
373,37773,37874
374,37874,37975
375,37975,38076
376,38076,38177
377,38177,38278
378,38278,38379
379,38379,38480
380,38480,38581
381,38581,38682
382,38682,38783
383,38783,38884
384,38884,38985
385,38985,39086
386,39086,39187
387,39187,39288
388,39288,39389
389,39389,39490
390,39490,39591
391,39591,39692
392,39692,39793
393,39793,39894
394,39894,39995
395,39995,40096
396,40096,40197
397,40197,40298
398,40298,40399
399,40399,40500
400,40500,40601
401,40601,40702
402,40702,40803
403,40803,40904
404,40904,41005
405,41005,41106
406,41106,41207
407,41207,41308
408,41308,41409
409,41409,41510
410,41510,41611
411,41611,41712
412,41712,41813
413,41813,41914
414,41914,42015
415,42015,42116
416,42116,42217
417,42217,42318
418,42318,42419
419,42419,42520
420,42520,42621
421,42621,42722
422,42722,42823
423,42823,42924
424,42924,43025
425,43025,43126
426,43126,43227
427,43227,43328
428,43328,43429
429,43429,43530
430,43530,43631
431,43631,43732
432,43732,43833
433,43833,43934
434,43934,44035
435,44035,44136
436,44136,44237
437,44237,44338
438,44338,44439
439,44439,44540
440,44540,44641
441,44641,44742
442,44742,44843
443,44843,44944
444,44944,45045
445,45045,45146
446,45146,45247
447,45247,45348
448,45348,45449
449,45449,45550
450,45550,45651
451,45651,45752
452,45752,45853
453,45853,45954
454,45954,46055
455,46055,46156
456,46156,46257
457,46257,46358
458,46358,46459
459,46459,46560
460,46560,46661
461,46661,46762
462,46762,46863
463,46863,46964
464,46964,47065
465,47065,47166
466,47166,47267
467,47267,47368
468,47368,47469
469,47469,47570
470,47570,47671
471,47671,47772
472,47772,47873
473,47873,47974
474,47974,48075
475,48075,48176
476,48176,48277
477,48277,48378
478,48378,48479
479,48479,48580
480,48580,48681
481,48681,48782
482,48782,48883
483,48883,48984
484,48984,49085
485,49085,49186
486,49186,49287
487,49287,49388
488,49388,49489
489,49489,49590
490,49590,49691
491,49691,49792
492,49792,49893
493,49893,49994
494,49994,50095
495,50095,50196
496,50196,50297
497,50297,50398
498,50398,50499
499,50499,50600
500,50600,50701
501,50701,50802
502,50802,50903
503,50903,51004
504,51004,51105
505,51105,51206
506,51206,51307
507,51307,51408
508,51408,51509
509,51509,51610
510,51610,51711
511,51711,51812
512,51812,51913
513,51913,52014
514,52014,52115
515,52115,52216
516,52216,52317
517,52317,52418
518,52418,52519
519,52519,52620
520,52620,52721
521,52721,52822
522,52822,52923
523,52923,53024
524,53024,53125
525,53125,53226
526,53226,53327
527,53327,53428
528,53428,53529
529,53529,53630
530,53630,53731
531,53731,53832
532,53832,53933
533,53933,54034
534,54034,54135
535,54135,54236
536,54236,54337
537,54337,54438
538,54438,54539
539,54539,54640
540,54640,54741
541,54741,54842
542,54842,54943
543,54943,55044
544,55044,55145
545,55145,55246
546,55246,55347
547,55347,55448
548,55448,55549
549,55549,55650
550,55650,55751
551,55751,55852
552,55852,55953
553,55953,56054
554,56054,56155
555,56155,56256
556,56256,56357
557,56357,56458
558,56458,56559
559,56559,56660
560,56660,56761
561,56761,56862
562,56862,56963
563,56963,57064
564,57064,57165
565,57165,57266
566,57266,57367
567,57367,57468
568,57468,57569
569,57569,57670
570,57670,57771
571,57771,57872
572,57872,57973
573,57973,58074
574,58074,58175
575,58175,58276
576,58276,58377
577,58377,58478
578,58478,58579
579,58579,58680
580,58680,58781
581,58781,58882
582,58882,58983
583,58983,59084
584,59084,59185
585,59185,59286
586,59286,59387
587,59387,59488
588,59488,59589
589,59589,59690
590,59690,59791
591,59791,59892
592,59892,59993
593,59993,60094
594,60094,60195
595,60195,60296
596,60296,60397
597,60397,60498
598,60498,60599
599,60599,60700
